address,building_count,company,house,house_count,name,price,type,url,year
(湖里南山路)华昌路5号,1栋,厦门华星开发商,,103户,华海苑,,板楼,https://xm.lianjia.com/xiaoqu/3911057375503/,2008年建成 
"(湖里大唐世家)圆山南路, 湖里湖里区园山南路349-355号",5栋,宝嘉厦门房地产开发有限公司,,288户,嘉诚花园,,板楼,https://xm.lianjia.com/xiaoqu/3911053707230/,2003年建成 
(湖里湖里大道)兴隆路457-471号,2栋,美的置地,,221户,新湖花园,,板楼,https://xm.lianjia.com/xiaoqu/3914736672174513/,1997年建成 
(湖里殿前)殿前六路铁路宿舍小区,6栋,铁路局,,47户,铁路宿舍小区,,板楼,https://xm.lianjia.com/xiaoqu/3916543767104151/,1993年建成 
(湖里东渡)海山路47号,3栋, 合肥万科瑞翔地产有限公司,,46户,气象局宿舍,,板楼,https://xm.lianjia.com/xiaoqu/3920021608228076/,1988年建成 
(湖里南山路)兴隆路66号,1栋, 合肥万科瑞翔地产有限公司,,46户,元创汽配电商园,,平房,https://xm.lianjia.com/xiaoqu/3920035225430798/,2002年建成 
(湖里五缘湾)护安路707号,1栋,无开发商,,79户,新捷创营运中心,,板楼,https://xm.lianjia.com/xiaoqu/3912743416229563/,2000年建成 
(湖里五缘湾)岭下西路257号,1栋,暂无信息,,120户,中众合大厦,,未知类型,https://xm.lianjia.com/xiaoqu/3920035508752451/,暂无信息 
"(湖里五缘湾)金湖路516号, 金湖路216号",1栋, 重庆汇东房地产开发有限公司,,400户,天虹广场,,板楼,https://xm.lianjia.com/xiaoqu/3920040357442744/,2008年建成 
(湖里机场区)翔云一路118号,1栋,暂无信息,,1户,翔云一路118号,,未知类型,https://xm.lianjia.com/xiaoqu/3920026767337309/,暂无信息 
(湖里殿前)湖里区长浩东路麦德龙旁,1栋,厦门市金吉泰房地产开发有限公司,,1388户,城里,,塔楼,https://xm.lianjia.com/xiaoqu/3920022912014719/,2018年建成 
(湖里南山路)华嘉路32到16号,3栋,无开发商,,177户,南山大厦,,塔楼/板楼,https://xm.lianjia.com/xiaoqu/3911057379527/,2004年建成 
(湖里保税区)象兴四路21号,1栋,上海信盛置业有限公司,,28户,银盛大厦,,板楼,https://xm.lianjia.com/xiaoqu/3920028070181607/,2010年建成 
(湖里万达广场)金钟路,16栋,厦门市东区开发有限公司,,2590户,高林居住区三里,,塔楼,https://xm.lianjia.com/xiaoqu/3911055510139/,2003年建成 
(湖里五缘湾)五缘西一里63到97号,22栋,厦门市中铁源昌置业有限公司,,711户,中铁元湾,,塔楼/板楼,https://xm.lianjia.com/xiaoqu/3911057573289/,2013年建成 
(湖里五缘湾)日圆三里1到12号,12栋,厦门建发集团有限公司,,1360户,建发中央湾区一期,,板楼,https://xm.lianjia.com/xiaoqu/3911100333509/,2013年建成 
(湖里江头)台湾街102到110号,1栋,厦门明发集团有限公司,,361户,明发豪庭,,塔楼,https://xm.lianjia.com/xiaoqu/3911055129058/,2003年建成 
(湖里东渡)金鼎里,10栋,厦门特房建设工程集团有限公司,,984户,都市港湾,,塔楼/板楼/塔板结合,https://xm.lianjia.com/xiaoqu/3911056361492/,1990年建成 
"(湖里枋湖)枋湖东四里54到67号, 枋湖东四里66号, 枋湖东四里57-102号",3栋,厦门特工房产有限公司,,537户,水晶森林二期,,板楼,https://xm.lianjia.com/xiaoqu/3911057454546/,2009年建成 
(湖里五缘湾)五缘东二里1到17号,36栋,厦门国贸金海湾投资有限公司,,835户,国贸蓝海,,板楼,https://xm.lianjia.com/xiaoqu/3911100121031/,2006年建成 
(湖里祥店)岭南里1到20号,8栋,厦门恒泰衍房地产开发有限公司,,308户,博士花园,,板楼,https://xm.lianjia.com/xiaoqu/3911058683919/,1996年建成 
(湖里江头)嘉禾路312号,4栋,厦门福隆置业集团有限公司,,986户,福隆国际,,塔楼/板楼/塔板结合,https://xm.lianjia.com/xiaoqu/3911053698686/,1998年建成 
"(湖里祥店)祥店里3号, 祥店里5-3号, 祥店里5之3号",10栋, 厦门市南成开发商,,1372户,第二城幸福生活,,板楼,https://xm.lianjia.com/xiaoqu/3911058684097/,1999年建成 
(湖里大唐世家)兴隆路606号之1-12,5栋,宝龙集团洛阳宝龙置业发展有限公司,,220户,源益小区,,板楼,https://xm.lianjia.com/xiaoqu/3914261084786639/,1993年建成 
"(湖里枋湖)枋湖东二里34到38号, 枋湖东二里37号, 金湖路87-103号",4栋,厦门市住宅建设总公司,,259户,水晶APPLE,,板楼,https://xm.lianjia.com/xiaoqu/3911057449198/,2012年建成 
(湖里枋湖)枋湖东二里21到32号,3栋,厦门海投房地产有限公司 ,,404户,大洋雅苑,,板楼,https://xm.lianjia.com/xiaoqu/3911057423271/,2005年建成 
(湖里枋湖)枋湖北路263到277号,2栋,厦门庐山实业发展有限公司,,203户,金色阳光,,板楼,https://xm.lianjia.com/xiaoqu/399665270787166/,2014年建成 
(湖里枋湖)枋湖东二里1到18号,7栋,厦门嘉盛建设有限公司,,923户,碧湖嘉园,,板楼,https://xm.lianjia.com/xiaoqu/3911057415286/,2007年建成 
(湖里保税区)华昌路137-175号,15栋,厦门古龙温泉山庄开发有限公司,,1733户,古龙公寓,,板楼/塔板结合,https://xm.lianjia.com/xiaoqu/3911058001822/,2005年建成 
"(湖里大唐世家)园山北路45-49, 园山北路55",10栋,厦门源益电力股份有限公司,,457户,樱花山庄,,板楼,https://xm.lianjia.com/xiaoqu/3910904377502939/,1997年建成 
(湖里南山路)南山路405到433号,11栋,"厦门禹洲集团股份有限公司,",,1012户,禹洲新村一，二期,,板楼,https://xm.lianjia.com/xiaoqu/3911057396576/,1996年建成 
(湖里湖里大道)华荣路74到80号,5栋,厦门联发（集团）房地产公司,,720户,欣华花园,,板楼,https://xm.lianjia.com/xiaoqu/3911057403504/,1990年建成 
(湖里金尚)凤山路514到520号,73栋,厦门嘉盛建设有限公司,,3472户,金尚小区,,塔楼/板楼,https://xm.lianjia.com/xiaoqu/3911057707446/,1996年建成 
"(湖里枋湖)枋湖南路185号, 枋湖南路169-109号, 枋湖南路169-111号, 枋湖南路169号",9栋,厦门永建房地产开发有限公司,,2806户,永建顶尚,,塔楼/板楼/塔板结合,https://xm.lianjia.com/xiaoqu/3911100503845/,2012年建成 
(湖里金尚)吕岭路191到197号,9栋,厦门大洋集团有限公司,,591户,泰和花园,,板楼,https://xm.lianjia.com/xiaoqu/3911057418508/,1997年建成 
"(湖里祥店)仙岳路1933, 祥店二路17号, 祥店二路55号",4栋,厦门诚毅地产投资管理有限公司 ,,634户,第二城快乐天地,,塔楼/板楼,https://xm.lianjia.com/xiaoqu/3911058684989/,2003年建成 
"(湖里五缘湾)穆厝路9号, 穆厝路1号",3栋,厦门大唐房地产有限公司,,1797户,大唐五缘yoho,,塔楼,https://xm.lianjia.com/xiaoqu/3911099550456/,2015年建成 
(湖里湖边水库)观日西二里40号,11栋,福建世茂置业有限公司,,1456户,世茂湖滨首府D区,,板楼/塔板结合,https://xm.lianjia.com/xiaoqu/3911099686373/,2009年建成 
(湖里殿前)长浩路一里43到49号,94栋,翔鹭（厦门）房地产开发有限公司,,2626户,翔鹭花城一，二期,,塔楼/板楼/塔板结合,https://xm.lianjia.com/xiaoqu/3911057791497/,2004年建成 
"(湖里五缘湾)五缘南里33到40号, 五缘南里67号",8栋,厦门国贸房地产有限公司,,536户,国贸天琴湾一期,,板楼,https://xm.lianjia.com/xiaoqu/3911057750549/,2012年建成 
(湖里江头)嘉禾路328到332号,4栋,厦门冠宏房地产开发有限公司,,857户,冠宏花园,,塔楼/板楼/塔板结合,https://xm.lianjia.com/xiaoqu/3911053702508/,2002年建成 
"(湖里枋湖)金湖二里禹洲城上城, 金湖二里92号, 金湖二里78号, 金湖二里68-71号, 金湖路114-106号",12栋,"厦门禹洲集团股份有限公司,",,1092户,禹洲城上城,,塔楼/板楼/塔板结合,https://xm.lianjia.com/xiaoqu/3911055610781/,2003年建成 
(湖里枋湖)金湖一里1到25号,8栋,厦门联发（集团）房地产公司,,963户,联发欣悦园,,塔楼/板楼/塔板结合,https://xm.lianjia.com/xiaoqu/3911055602631/,2007年建成 
(湖里枋湖)金湖二里1到19号,7栋,厦门市湖里房地产综合开发公司,,776户,东晖广场,,塔楼/板楼/塔板结合,https://xm.lianjia.com/xiaoqu/3911055542558/,2010年建成 
"(湖里祥店)祥店路135号, 祥岭路124号, 祥店里103-108号",11栋,厦门国贸物业管理有限公司,,1174户,国贸阳光,,塔楼/板楼/塔板结合/平房,https://xm.lianjia.com/xiaoqu/3911058685516/,2006年建成 
(湖里SM)薛岭北里91-100号,4栋, 重庆桥达茂宸房地产开发有限公司,,57户,江头苑,,塔板结合,https://xm.lianjia.com/xiaoqu/3920028024040698/,1996年建成 
"(湖里万达广场)仙岳路4666号, 金钟路7号, 仙岳路4674号, 金钟路15号",10栋,厦门湖里万达广场投资有限公司,,4009户,万达广场,,塔楼/板楼/塔板结合,https://xm.lianjia.com/xiaoqu/3911099552630/,2000年建成 
"(湖里枋湖)金湖二里44到46号, 金湖二里65号",12栋,厦门市华林建设发展有限公司,,1019户,凯悦新城,,塔楼/板楼,https://xm.lianjia.com/xiaoqu/3911055598032/,2009年建成 
"(湖里金山)金山西里11到133号, 金山西里44-4-101号, 金山西里44-47号",28栋,厦门住宅建设集团有限公司,,1677户,金山小区,,塔楼/板楼,https://xm.lianjia.com/xiaoqu/3911062119301/,2000年建成 
"(湖里金山)金山西里, 金山西里161-165号, 金山西里181-182号, 金山西里166-170号, 金山西路265-101号",13栋,华联厦门房地产开发中心,,570户,金鹭花园,,板楼,https://xm.lianjia.com/xiaoqu/3911055550582/,1990年建成 
(湖里五缘湾)五缘西三里50到150号,9栋,厦门市源昌房地产开发有限公司,,2108户,源昌鑫海湾湖里,,板楼/塔板结合,https://xm.lianjia.com/xiaoqu/3911099531404/,2007年建成 
"(湖里机场区)枋钟路244到248号, 枋钟路246号",4栋,厦门泰地置业有限公司,,300户,艾德花园二期,,板楼,https://xm.lianjia.com/xiaoqu/3911057727613/,2002年建成 
(湖里江头)嘉禾路334-380号,23栋,厦门福隆置业集团有限公司,,1544户,东方巴黎广场,,塔楼/板楼,https://xm.lianjia.com/xiaoqu/3911053696452/,1988年建成 
(湖里湖边水库)观日西二里1到20号,15栋,福建世茂置业有限公司,,1200户,世茂湖滨首府B区,,板楼/塔板结合,https://xm.lianjia.com/xiaoqu/3911100137178/,2012年建成 
(湖里江头)江浦北里,7栋,厦门农正房地产有限公司,,336户,江浦北里,,板楼,https://xm.lianjia.com/xiaoqu/3911055104182/,1994年建成 
(湖里金山)金山西路171号,50栋,厦门国源房地产开发有限公司,,317户,国际山庄,,板楼,https://xm.lianjia.com/xiaoqu/397347420279185/,1955年建成 
"(湖里SM)百果山麓142号, 兴山路84-98号",19栋,厦门联发（集团）房地产公司,,817户,裕发花园,,塔楼/板楼,https://xm.lianjia.com/xiaoqu/3911053754838/,2002年建成 
(湖里东渡)海山路,17栋, 合肥万科瑞翔地产有限公司,,403户,海山路,,板楼,https://xm.lianjia.com/xiaoqu/3916186021522512/,1986年建成 
(湖里邮轮城)东港北路1到27号,2栋,厦门港务地产有限公司,,672户,国际邮轮城二期,,板楼,https://xm.lianjia.com/xiaoqu/3911056365712/,2011年建成 
"(湖里金山)金山西二里43到62号, 金山西路21, 金山西路21-101, 金山西二里58-62号",14栋,厦门世侨投资管理有限公司,,559户,宏山新村,,板楼,https://xm.lianjia.com/xiaoqu/3911055545093/,1996年建成 
(湖里机场区)枋钟路334到362号,8栋,厦门金环置业有限公司,,279户,艾德花园一期,,塔楼/板楼,https://xm.lianjia.com/xiaoqu/3911057725985/,2000年建成 
(湖里五缘湾)五缘西三里40号,14栋,厦门市源昌房地产开发有限公司,,554户,源昌宝墅湾,,板楼,https://xm.lianjia.com/xiaoqu/3911057572307/,2013年建成 
(湖里江头)江头东路2到14号,4栋,无开发商,,565户,中环花园,,塔楼/板楼,https://xm.lianjia.com/xiaoqu/3911055137465/,2000年建成 
(湖里五缘湾)日圆二里2-3号,3栋,厦门建发集团有限公司,,1177户,建发中央湾区soho,,塔楼/板楼/塔板结合,https://xm.lianjia.com/xiaoqu/3913577272438421/,2013年建成 
"(湖里枋湖)枋湖东一里1号到27号, 金湖路97-128-1号, 枋湖东一里28号",11栋,厦门建发集团有限公司,,1000户,书香佳缘,,板楼,https://xm.lianjia.com/xiaoqu/3911099678196/,2007年建成 
(湖里南山路)南山路342-344号,38栋,厦门经济特区房地产开发集团有限公司,,837户,康乐新村一期东区,,塔楼/板楼/塔板结合,https://xm.lianjia.com/xiaoqu/398305226035913/,1994年建成 
"(湖里大唐世家)莲兴路1-11号, 兴隆路510-516号, 兴隆路500到580号",11栋,厦门大唐房地产有限公司,,675户,大唐世家一期,,塔楼/板楼,https://xm.lianjia.com/xiaoqu/3911058012462/,1996年建成 
(湖里金尚)双浦东里1到30号,5栋,厦门新景地集团有限公司,,562户,新景华府一期,,板楼,https://xm.lianjia.com/xiaoqu/3911100718491/,2000年建成 
"(湖里枋湖)金尚路, 金尚路1628号, 金尚路1630号",3栋,厦门市宏伟建筑集团房地产开发有限公司临漳分公司,,114户,宏伟大厦,,板楼,https://xm.lianjia.com/xiaoqu/3910203347038686/,1995年建成 
(湖里南山路)长岸路86到144号,2栋,厦门建发集团有限公司,,434户,恒丰花园2,,板楼,https://xm.lianjia.com/xiaoqu/3911057339149/,1996年建成 
"(湖里祥店)湖里区祥岭路与后埔路交叉口西南侧（湖里第二实验小学对面）, 岭南路30-50, 岭南路50号",12栋,厦门兆蓉房地产开发有限公司,,1213户,建发中央天成,,板楼/塔板结合,https://xm.lianjia.com/xiaoqu/3914602305548861/,1999年建成 
"(湖里金山)禾东路1043到1049号, 湖坊东路32号, 湖坊东路34号, 湖坊东路32-101号, 金山西里5号, 金山西里10号, 金山西里10-9-102",8栋,厦门国际建设股份有限公司,,376户,金山花园,,板楼/塔板结合,https://xm.lianjia.com/xiaoqu/3911062097962/,2000年建成 
(湖里万达广场)金钟路,24栋,高建物业,,4621户,高林居住区一里,,塔楼/塔板结合,https://xm.lianjia.com/xiaoqu/3911055513112/,2000年建成 
(湖里湖里大道)华荣路182到188号,2栋,铭爵山庄（厦门）房地产开发有限公司,,632户,铭爵山庄,,塔楼/板楼,https://xm.lianjia.com/xiaoqu/3911057435452/,2001年建成 
(湖里枋湖)梧桐里26到44号,7栋,厦门龙盛投资发展有限公司,,618户,新港龙世家幸福密码,,塔楼/板楼/塔板结合,https://xm.lianjia.com/xiaoqu/3911057454524/,2008年建成 
(湖里江头)吕岭路15号,2栋,厦门市豪利房地产开发有限公司,,286户,豪峰大厦,,塔楼,https://xm.lianjia.com/xiaoqu/3911053704945/,2004年建成 
(湖里金尚)金尚路231-267号,3栋,厦门一元房地产开发有限公司,,348户,一元花园二期,,塔楼/板楼,https://xm.lianjia.com/xiaoqu/3911057439291/,2002年建成 
(湖里五缘湾)五缘湾西二里,1栋,福建省亿力房地产股份有限公司,,208户,亿力悦海,,板楼,https://xm.lianjia.com/xiaoqu/3911057568481/,2009年建成 
"(湖里枋湖)梧桐西里1号, 梧桐西里2号",14栋,厦门建发集团有限公司,,1048户,中央美地,,塔楼/板楼,https://xm.lianjia.com/xiaoqu/3911057456112/,2009年建成 
(湖里大唐世家)火炬二路31-57号,1栋,无开发商,,289户,现代家园,,板楼,https://xm.lianjia.com/xiaoqu/3911058018512/,2003年建成 
(湖里江头)江浦南里17到21号,26栋,厦门市特房oY开发有限公司,,1081户,江浦南里,,板楼,https://xm.lianjia.com/xiaoqu/3917565526559725/,1990年建成 
(湖里邮轮城)东渡路69号,1栋,厦门祥泰房地产开发有限公司,,716户,鹭槟大厦,,塔楼/板楼,https://xm.lianjia.com/xiaoqu/3911056370163/,1992年建成 
(湖里金尚)鼓新路54号,6栋,厦门艾特房地产开发有限公司,,722户,温莎公馆,,塔楼,https://xm.lianjia.com/xiaoqu/398754726974374/,2013年建成 
(湖里观音山)下堡路183到199号,7栋,中国铁建股份有限公司,,327户,海曦,,塔楼/板楼,https://xm.lianjia.com/xiaoqu/396874431761826/,2013年建成 
(湖里江头)台湾街,2栋,厦门市嘉益建设有限公司,,177户,亿星大厦,,板楼,https://xm.lianjia.com/xiaoqu/3911053569852/,2002年建成 
(湖里五缘湾)日圆四里1到8号,9栋,厦门建发集团有限公司,,902户,建发中央湾区二期,,板楼,https://xm.lianjia.com/xiaoqu/3911100778340/,2014年建成 
"(湖里枋湖)梧桐西路新景龙郡, 杭湖西路138号",4栋,厦门新景龙郡房地产有限公司,,1004户,新景龙郡,,板楼,https://xm.lianjia.com/xiaoqu/3911100779708/,1990年建成 
(湖里江头)江头北路江顺里67号,8栋,厦门金鹿经济建设发展公司,,776户,国宝新城,,塔楼/板楼/塔板结合,https://xm.lianjia.com/xiaoqu/3911053540195/,2001年建成 
(湖里江头)台湾街288到292号,4栋,厦门华永至合房地产有限公司,,1178户,华永天地,,塔楼/板楼,https://xm.lianjia.com/xiaoqu/3910344476191989/,1995年建成 
(湖里祥店)仙岳路10到74号,9栋,天地房地产开发,,697户,祥店新村(11-40),,塔楼/板楼,https://xm.lianjia.com/xiaoqu/3911058686808/,2003年建成 
(湖里江头)台湾街366号,2栋,厦门市福信房地产开发有限公司,,273户,桃源大厦,,塔楼/板楼,https://xm.lianjia.com/xiaoqu/3911053565238/,2003年建成 
(湖里五缘湾)钟宅五里5号-16号,7栋,厦门市天地开发建设有限公司,,874户,国贸新天地,,板楼,https://xm.lianjia.com/xiaoqu/398331692617851/,2012年建成 
(湖里五缘湾)五缘西一里1到42号,13栋,厦门新景地集团有限公司,,1966户,新景国际外滩,,板楼,https://xm.lianjia.com/xiaoqu/3911057567022/,2009年建成 
"(湖里枋湖)枋湖东四里68到88号, 枋湖东四里68-111号, 枋湖东四里68-69号",8栋,厦门特工房产有限公司,,531户,水晶森林一期,,板楼,https://xm.lianjia.com/xiaoqu/3911057455477/,2008年建成 
(湖里观音山)塔埔西路71到99号,5栋,厦门住宅建设集团有限公司,,806户,水晶国际,,板楼,https://xm.lianjia.com/xiaoqu/396988336214421/,2013年建成 
(湖里枋湖)金湖三里禹州香槟城,7栋,"厦门禹洲集团股份有限公司,",,617户,禹洲香槟城,,塔楼/板楼,https://xm.lianjia.com/xiaoqu/3911055613580/,2007年建成 
(湖里大唐世家)兴隆路582到604号,4栋,无开发商,,221户,大唐世家二期,,板楼,https://xm.lianjia.com/xiaoqu/3911057991245/,1999年建成 
(湖里保税区)昌鸿路3-23号附近,3栋,厦门南湖房地产开发有限公司,,248户,鸿图苑,,板楼,https://xm.lianjia.com/xiaoqu/3911058014365/,1996年建成 
(湖里枋湖)金湖路31号到39号,3栋,厦门恒集房地产有限公司,,274户,东海山庄,,板楼/塔板结合,https://xm.lianjia.com/xiaoqu/3911055541847/,2009年建成 
(湖里SM)禾山路96号,14栋,无开发商,,149户,嘉隆建材城,,板楼,https://xm.lianjia.com/xiaoqu/3911748933644234/,1998年建成 
(湖里湖里大道)嘉园路,12栋,厦门华远建设集团有限公司,,1320户,怡景花园,,板楼,https://xm.lianjia.com/xiaoqu/3911312774261860/,1994年建成 
(湖里机场区)林后北里路115到140号,10栋,厦门冠宇房地产开发有限公司,,332户,翠湖庄园,,塔楼/板楼/塔板结合/平房,https://xm.lianjia.com/xiaoqu/3911057728329/,2005年建成 
(湖里江头)江头西路13到19号,7栋,厦门新景地集团有限公司,,975户,新景园,,塔楼/板楼/塔板结合,https://xm.lianjia.com/xiaoqu/3911053751704/,2002年建成 
(湖里祥店)仙岳路与金尚路交汇处,2栋,无开发商,,64户,金祥花园,,板楼,https://xm.lianjia.com/xiaoqu/3911058686041/,2000年建成 
(湖里五缘湾)五缘南里1-2-3-4-5-6-11号,4栋,厦门国贸房地产有限公司,,468户,国贸天琴湾二期,,板楼/塔板结合,https://xm.lianjia.com/xiaoqu/3911057730622/,2013年建成 
(湖里五缘湾)五缘西三里1到45号,16栋,厦门联发（集团）房地产公司,,1315户,联发五缘湾一号,,板楼,https://xm.lianjia.com/xiaoqu/3911057565932/,2007年建成 
(湖里江头)台湾街363号,1栋,厦门市诚毅地产有限公司,,573户,建邦大厦,,板楼,https://xm.lianjia.com/xiaoqu/3911053551626/,2004年建成 
(湖里东渡)和顺里2到34号,17栋,厦门市万邦实业开发公司,,296户,金海花园,,板楼,https://xm.lianjia.com/xiaoqu/3911057189408/,1997年建成 
(湖里南山路)海天路18号到70号,15栋,厦门市盛华物房地产开发有限公司,,446户,华昌小区,,板楼,https://xm.lianjia.com/xiaoqu/3911057349292/,1991年建成 
(湖里五缘湾)五缘西二里7到32号,15栋,厦门国贸房地产有限公司,,1042户,国贸润园,,板楼,https://xm.lianjia.com/xiaoqu/3911057565205/,2011年建成 
(湖里东渡)金鼎路,13栋,厦门市东区开发有限公司,,567户,金鼎社区,,板楼/塔板结合,https://xm.lianjia.com/xiaoqu/3911056368576/,1984年建成 
(湖里东渡)金鼎巷34号,18栋,无开发商,,509户,金鼎巷,,板楼,https://xm.lianjia.com/xiaoqu/3912286295289147/,1956年建成 
(湖里大唐世家)园山南路697-705、751-759,5栋,厦门龙潭房地产开发有限公司,,360户,龙潭花园,,板楼,https://xm.lianjia.com/xiaoqu/3911053731182/,1997年建成 
(湖里枋湖)枋湖路105号,12栋, 大理耀鹏房地产开发有限责任公司,,423户,枋湖新村,,板楼,https://xm.lianjia.com/xiaoqu/3912852019605760/,1986年建成 
(湖里金尚)金尚路139-177号,5栋,厦门市天地开发建设有限公司,,330户,天宇花园南区,,板楼,https://xm.lianjia.com/xiaoqu/3911057430283/,2000年建成 
(湖里南山路)南山路434-454号,3栋,厦门建发集团有限公司,,307户,泰裕新城二期,,板楼,https://xm.lianjia.com/xiaoqu/3911057351676/,1990年建成 
(湖里大唐世家)园山北里11-12号,6栋,无开发商,,186户,园山雅阁,,塔楼/板楼,https://xm.lianjia.com/xiaoqu/3911058032515/,1996年建成 
(湖里东渡)和宁里63号到79号,6栋,厦门都市乡村房地产开发有限公司,,215户,沧海苑,,板楼/塔板结合,https://xm.lianjia.com/xiaoqu/3911057138089/,1998年建成 
(湖里东渡)东渡路183-185号,3栋,福康经济开发有限公司,,353户,榕海花园,,板楼,https://xm.lianjia.com/xiaoqu/398436631743886/,1991年建成 
(湖里南山路)宜宾路39号,2栋,万科房产,,144户,建德公寓,,板楼/平房,https://xm.lianjia.com/xiaoqu/3920041061200112/,1993年建成 
(湖里金尚)后埔东里12到34号,18栋,厦门鹏源房地产开发有限公司,,695户,太微花园,,塔楼/板楼,https://xm.lianjia.com/xiaoqu/3911057722143/,1998年建成 
(湖里五缘湾)钟宅西里1-8号,8栋,福建紫金房地产开发有限公司,,194户,紫金家园一期,,塔楼/板楼/塔板结合,https://xm.lianjia.com/xiaoqu/3911057759072/,2010年建成 
(湖里湖里大道)兴隆路7号,6栋,厦门联发（集团）房地产公司,,1075户,信达大厦,,塔楼/板楼,https://xm.lianjia.com/xiaoqu/3911057409894/,1998年建成 
"(湖里大唐世家)火炬二路与新丰路交叉口附近, 兴隆路681-709号",3栋,厦门大唐房地产有限公司,,225户,大唐世家七期,,板楼,https://xm.lianjia.com/xiaoqu/3911058011012/,1999年建成 
(湖里SM)乌石浦路180号,19栋,厦门联发（集团）房地产公司,,877户,中港花园,,塔楼/板楼,https://xm.lianjia.com/xiaoqu/3911053771198/,1990年建成 
(湖里湖边水库)湖里厦门市吕岭路与金山路交汇处,4栋,厦门宝龙房地产发展有限公司,,1486户,宝龙一城,,塔楼/塔板结合,https://xm.lianjia.com/xiaoqu/3914600550780281/,2010年建成 
(湖里观音山)下堡路163到177号,4栋,厦门富业天成房地产开发有限公司,,351户,观海澜庭,,板楼/塔板结合,https://xm.lianjia.com/xiaoqu/3911063903491/,2012年建成 
(湖里金山)金山西路171号,9栋,厦门非金属矿进出口有限公司 ,,2094户,金山国际,,塔楼/板楼/塔板结合,https://xm.lianjia.com/xiaoqu/3911055552890/,2000年建成 
"(湖里湖边水库)龙湫二里1号楼, 龙湫二里2号楼, 龙湫二里4号楼, 龙湫二里5号楼",3栋,厦门特房建设工程集团有限公司,,688户,湖边花园B区东区,,塔楼,https://xm.lianjia.com/xiaoqu/3920026472477018/,2008年建成 
(湖里观音山)塔埔西路1到65号,3栋,福建万福恒泰房地产开发有限公司,,260户,万泰东方,,塔板结合,https://xm.lianjia.com/xiaoqu/3911099925890/,2014年建成 
"(湖里湖里大道)悦华路163号, 悦华路179号, 悦华路163-193号",6栋,厦门市万邦实业开发公司,,273户,龙腾花园一期,,板楼,https://xm.lianjia.com/xiaoqu/3911057434535/,1990年建成 
(湖里枋湖)枋湖北三里1到66号,46栋,厦门古龙温泉山庄开发有限公司,,562户,古龙居住公园,,塔楼/板楼,https://xm.lianjia.com/xiaoqu/3911057434069/,2003年建成 
(湖里金尚)金民里60到70号,5栋,厦门一元房地产开发有限公司,,286户,一元花园,,塔楼/板楼,https://xm.lianjia.com/xiaoqu/3911055915710/,1998年建成 
(湖里祥店)后埔北二里150到180号,12栋,厦门联信祥房地产有限公司,,1047户,联发新天地,,塔楼/板楼/塔板结合,https://xm.lianjia.com/xiaoqu/3911058686199/,2005年建成 
(湖里金尚)金尚路371到395号,10栋,惠鸿(厦门)房地产开发有限公司,,235户,惠鸿花园,,板楼,https://xm.lianjia.com/xiaoqu/3911057345733/,1995年建成 
(湖里湖边水库)观日西一里1到8号,3栋,福建世茂置业有限公司,,167户,世茂湖滨首府A区,,板楼/塔板结合,https://xm.lianjia.com/xiaoqu/3911099669837/,2010年建成 
(湖里SM)禾山路565-579,2栋, 重庆汇东房地产开发有限公司,,155户,金山公寓,,板楼,https://xm.lianjia.com/xiaoqu/3913449034215415/,1998年建成 
(湖里江头)吕岭路97-101号,3栋,建发房产,,139户,嘉兴园,,板楼,https://xm.lianjia.com/xiaoqu/3911055038128/,1997年建成 
(湖里湖边水库)仙岳路1962-1964号,3栋,厦门南中投资有限公司,,133户,金山湖景大厦,,板楼,https://xm.lianjia.com/xiaoqu/398436083340255/,1998年建成 
(湖里金尚)金尚路206号,8栋,厦门中铁建设有限公司,,159户,中孚花园,,塔楼/板楼,https://xm.lianjia.com/xiaoqu/3911055919704/,1998年建成 
(湖里保税区)昌宾路8-50号,9栋,厦门市明发,,371户,徐厝社区三航宿舍（昌宾路8―50号）,,塔板结合,https://xm.lianjia.com/xiaoqu/3911057401060/,1980年建成 
(湖里五缘湾)钟宅西里1到15号,2栋,无开发商,,157户,紫金家园二期,,板楼,https://xm.lianjia.com/xiaoqu/3911057758072/,2009年建成 
"(湖里保税区)鸿宾路4号, 鸿宾路18号, 鸿宾路20号, 鸿宾路22号, 鸿宾路24号",2栋,华联厦门房地产开发中心,,106户,金庄花园,,板楼,https://xm.lianjia.com/xiaoqu/3911058015367/,1998年建成 
(湖里南山路)仙洞路21到41号,1栋,厦门经济特区房地产开发集团有限公司,,208户,台北新村,,塔楼,https://xm.lianjia.com/xiaoqu/3911057351404/,1996年建成 
(湖里江头)仙岳路682号,4栋,厦门富Z房地产开发有限公司,,746户,龙门天下,,塔楼/板楼/塔板结合,https://xm.lianjia.com/xiaoqu/3911053560632/,1990年建成 
"(湖里枋湖)金尚路1388号, 金尚路1376-1424号, 金尚路1400号",5栋, 重庆汇东房地产开发有限公司,,46户,鑫湖花园,,板楼,https://xm.lianjia.com/xiaoqu/3911070003491463/,2000年建成 
(湖里机场区)金尚路2453到2509号,16栋,"厦门禹洲集团股份有限公司,",,254户,禹洲高HOUSE,,塔楼/板楼,https://xm.lianjia.com/xiaoqu/399073893585679/,2007年建成 
"(湖里五缘湾)湖里金山路与钟宅路交叉口东南侧, 钟宅五里32号",10栋,厦门兆投房地产开发有限公司 ,,872户,建发央玺,,塔楼/板楼,https://xm.lianjia.com/xiaoqu/3914600729801144/,2013年建成 
"(湖里大唐世家)火炬三路16到48号, 兴隆路553-559号, 兴隆路535-543号, 兴隆路535-9号, 兴隆路535-8号, 兴隆路535-10号",31栋,无开发商,,570户,"大唐世家三,五期",,板楼,https://xm.lianjia.com/xiaoqu/3911058011273/,1998年建成 
(湖里金尚)双浦路299号,4栋,厦门市天地开发建设有限公司,,98户,天宝花园一期,,板楼,https://xm.lianjia.com/xiaoqu/3910367693762976/,1998年建成 
(湖里金山)金山西里161到201号,3栋,厦门中福海实业有限公司,,235户,金山城,,塔板结合,https://xm.lianjia.com/xiaoqu/3911062094070/,2004年建成 
(湖里观音山)半屏山路,20栋,暂无信息,,824户,塔埔社区东区,,板楼,https://xm.lianjia.com/xiaoqu/3911055529939/,2001年建成 
(湖里东渡)禹洲棕榈城一期,4栋,厦门禹洲集团股份有限公司,,358户,禹洲棕榈城一期,,塔楼,https://xm.lianjia.com/xiaoqu/3911057283010/,1998年建成 
(湖里南山路)南山路500到540号,4栋,厦门禹洲集团股份有限公司,,188户,半山豪园,,板楼/塔板结合,https://xm.lianjia.com/xiaoqu/3911057299088/,2003年建成 
(湖里观音山)半屏山路,16栋, 重庆汇东房地产开发有限公司,,916户,塔埔社区,,板楼,https://xm.lianjia.com/xiaoqu/3911055524536/,2000年建成 
(湖里万达广场)高林中路535号,2栋,万科房产,,1145户,万科中心云玺,,板楼,https://xm.lianjia.com/xiaoqu/3910632923460550/,2000年建成 
(湖里金尚)吕岭路165到169号,10栋,永升旭日集团房地产开发有限公司,,529户,永升彩虹花园,,塔楼/板楼,https://xm.lianjia.com/xiaoqu/3911057489732/,1947年建成 
(湖里祥店)后埔北二里242到259号,4栋,厦门禹洲集团股份有限公司,,559户,太微山庄,,塔楼/板楼/塔板结合,https://xm.lianjia.com/xiaoqu/3911055608262/,2002年建成 
(湖里东渡)东村巷20-22号,1栋,暂无信息,,24户,东渡渔港宿舍,,板楼,https://xm.lianjia.com/xiaoqu/3916887960078970/,暂无信息 
(湖里殿前)兴湖路45号,1栋,暂无信息,,200户,高殿寨上综合大楼,,板楼,https://xm.lianjia.com/xiaoqu/3916954663907073/,暂无信息 
(湖里东渡)东渡路250到252号,2栋,厦门市住宅建设总公司,,240户,金龙大厦,,塔楼/板楼,https://xm.lianjia.com/xiaoqu/3911057197690/,1994年建成 
(湖里金尚)双浦西路8号,28栋,厦门住宅建设集团有限公司,,1237户,吕岭花园,,塔楼/板楼,https://xm.lianjia.com/xiaoqu/3911057351232/,1996年建成 
(湖里东渡)海山路88-106号,5栋,上海华闽房地产开发有限公司,,140户,东辉小区,,板楼,https://xm.lianjia.com/xiaoqu/3914377082957349/,1989年建成 
(湖里大唐世家)园山北里1号,1栋, 陕西亿润经贸有限公司 ,,181户,雪梨公寓,,板楼,https://xm.lianjia.com/xiaoqu/3920023122800620/,1998年建成 
"(湖里五缘湾)安岭路1008号, 安岭路1010号, 安岭路1012号",2栋,丰润置业公司,,62户,丰润金融控股集团大厦,,塔板结合,https://xm.lianjia.com/xiaoqu/3920026618231711/,2003年建成 
(湖里SM)乌石浦路,1栋,锦和置业SVA广电信息,,120户,合兴小区,,塔板结合,https://xm.lianjia.com/xiaoqu/3911053706472/,2009年建成 
(湖里南山路)厦门市湖里区海天路9号,1栋,暂无信息,,241户,银都大厦,,板楼,https://xm.lianjia.com/xiaoqu/3911632946458317/,暂无信息 
(湖里南山路)海天路1号,1栋,建发房产,,104户,海天物流中心,,塔楼,https://xm.lianjia.com/xiaoqu/3920023050441983/,1992年建成 
(湖里机场区)枋湖北二路371-383号,1栋,松建集团,,12户,林业花园,,塔板结合,https://xm.lianjia.com/xiaoqu/3920028083810772/,1990年建成 
(湖里大唐世家)嘉禾路564到568号,3栋,厦门大唐房地产有限公司,,100户,大唐商务中心,,板楼,https://xm.lianjia.com/xiaoqu/3911611560489075/,2015年建成 
(湖里邮轮城)东港北路29号,1栋,厦门华星开发商,,210户,港航大厦,,板楼,https://xm.lianjia.com/xiaoqu/3920031678731542/,1990年建成 
(湖里湖里大道)厦门市湖里区华荣路56-58号,2栋,暂无信息,,24户,湖里人民法院宿舍楼,,板楼,https://xm.lianjia.com/xiaoqu/3912040738713390/,暂无信息 
(湖里南山路)康乐路200号,1栋,暂无信息,,36户,康乐新村检查院宿舍楼,,板楼,https://xm.lianjia.com/xiaoqu/3916000819408504/,暂无信息 
(湖里南山路)海天路67号,2栋,暂无信息,,38户,海天苑,,板楼,https://xm.lianjia.com/xiaoqu/3911537938394508/,暂无信息 
(湖里东渡)海山路139-143,1栋,暂无信息,,12户,东渡小区,,板楼,https://xm.lianjia.com/xiaoqu/3912042352996644/,暂无信息 
(湖里机场区)高崎路888号,1栋,无开发商,,424户,兆翔海天韵,,板楼,https://xm.lianjia.com/xiaoqu/3915796260342265/,2012年建成 
(湖里保税区)鸿宾路9-13,2栋,厦门南湖房地产开发有限公司,,24户,鸿宾路9-13,,板楼,https://xm.lianjia.com/xiaoqu/3911058014292/,2000年建成 
(湖里机场区)县后东二里1~8,6栋, 重庆汇东房地产开发有限公司,,1139户,禾山阳光公寓,,板楼,https://xm.lianjia.com/xiaoqu/3911929975796547/,2006年建成 
(湖里祥店)祥店二路13号,1栋,邯郸市建发投资有限公司,,13户,祥店二路,,塔板结合,https://xm.lianjia.com/xiaoqu/3920021181327719/,2000年建成 
(湖里金山)256-257、259-260号,2栋,金辉集团,,255户,金山西三里256-257、259-260,,塔板结合,https://xm.lianjia.com/xiaoqu/3911062117293/,2002年建成 
(湖里金山)马山安置小区,4栋, 大理耀鹏房地产开发有限责任公司,,676户,马山安置小区,,塔板结合,https://xm.lianjia.com/xiaoqu/3911062210213/,2000年建成 
(湖里金山)金山西二里289号,1栋, 重庆汇东房地产开发有限公司,,208户,山谷城市,,板楼,https://xm.lianjia.com/xiaoqu/3920021057597244/,2001年建成 
(湖里湖里大道)嘉园路32到17号,11栋,厦门华祥房地产发展有限公司,,563户,世纪嘉园东区,,板楼,https://xm.lianjia.com/xiaoqu/3911057441981/,2003年建成 
(湖里南山路)海天路与南山路之间,6栋,厦门丰盛集团公司,,354户,佳丽豪庭,,板楼,https://xm.lianjia.com/xiaoqu/3911057377098/,2005年建成 
(湖里江头)台湾街145到181号,8栋,厦门市鑫新景地房地产开发有限公司,,374户,新景天湖广场,,塔楼/板楼,https://xm.lianjia.com/xiaoqu/3911057776138/,1995年建成 
(湖里湖里大道)嘉园路153到205号,8栋,厦门经济特区房地产开发集团有限公司,,583户,芙蓉苑三期,,板楼/塔板结合,https://xm.lianjia.com/xiaoqu/3911057418417/,1999年建成 
(湖里江头)台湾街9-11号,2栋,东港鑫天地置业有限公司,,380户,国联大厦,,塔楼,https://xm.lianjia.com/xiaoqu/3910928458838270/,1998年建成 
(湖里金尚)双浦西里166号,10栋,厦门中旅房产开发有限公司,,492户,金彩花苑,,板楼,https://xm.lianjia.com/xiaoqu/3911057350074/,1999年建成 
(湖里金山)202-222号,6栋,无开发商,,254户,锦绣金山,,板楼,https://xm.lianjia.com/xiaoqu/3911062132097/,1996年建成 
"(湖里万达广场)金益四里1号到5号, 金益四里7号",5栋,厦门经济特区房地产开发集团有限公司,,891户,特房山水杰座,,板楼,https://xm.lianjia.com/xiaoqu/396922666782031/,2014年建成 
(湖里SM)嘉禾路,1栋, 重庆汇东房地产开发有限公司,,114户,武警公寓,,板楼,https://xm.lianjia.com/xiaoqu/3911053750483/,2002年建成 
"(湖里祥店)祥店里120到124号, 祥店里125到128号，祥店里146到157号",7栋,厦门市恒泰祥房地产开发有限公司,,361户,福满园,,板楼,https://xm.lianjia.com/xiaoqu/3911058685273/,2003年建成 
(湖里五缘湾)穆厝里7到12号,3栋,厦门经济特区房地产开发集团有限公司,,343户,特房五缘新座,,板楼/平房,https://xm.lianjia.com/xiaoqu/3911057754496/,2013年建成 
(湖里五缘湾)高新技术园区钟岭路与岭下路交汇处,2栋,无开发商,,433户,万华中心,,板楼,https://xm.lianjia.com/xiaoqu/3913285688880208/,2013年建成 
(湖里湖边水库)云顶中路3134号,6栋,融坤房地产开发有限公司,,360户,融景湾,,板楼,https://xm.lianjia.com/xiaoqu/3911100132459/,2012年建成 
(湖里大唐世家)园山南路793到799号,4栋,厦门华星开发商,,246户,安泰花园,,板楼,https://xm.lianjia.com/xiaoqu/3911053694515/,2003年建成 
(湖里东渡)和通里60-63,38栋,福建省亿力房地产股份有限公司,,519户,和通里小区,,板楼/塔板结合,https://xm.lianjia.com/xiaoqu/3911057161429/,1996年建成 
(湖里南山路)华泰路24之1号附近,12栋,厦门建发集团有限公司,,266户,特房南泰苑,,板楼,https://xm.lianjia.com/xiaoqu/3911057384362/,1998年建成 
(湖里SM)乌石浦三里8到53号,7栋,厦门瑞泰房地产公司,,644户,梅阳花园,,塔楼/板楼,https://xm.lianjia.com/xiaoqu/3911053737056/,1998年建成 
(湖里五缘湾)五缘东一里6到25号,11栋,厦门新景地集团有限公司,,580户,新景缘,,板楼,https://xm.lianjia.com/xiaoqu/3911100142405/,2008年建成 
(湖里邮轮城)东渡路59到61号,2栋,厦门振华实业公司房地产分公司,,1084户,振华大厦,,塔楼/板楼,https://xm.lianjia.com/xiaoqu/3911056378148/,2003年建成 
(湖里金尚)吕岭路237号,4栋,厦门非金属矿进出口有限公司 ,,278户,金岭花园,,板楼,https://xm.lianjia.com/xiaoqu/3911057351114/,2000年建成 
(湖里江头)江头东里,8栋,厦门市天地开发建设有限公司,,431户,嘉盛花园,,板楼,https://xm.lianjia.com/xiaoqu/3911053547969/,2007年建成 
(湖里殿前)长浩二里01到65号,43栋,翔鹭（厦门）房地产开发有限公司,,1372户,翔鹭花城三期,,板楼/塔板结合,https://xm.lianjia.com/xiaoqu/3911057785220/,2004年建成 
(湖里邮轮城)东港南路23号,2栋,厦门港务地产有限公司,,460户,国际邮轮城,,板楼,https://xm.lianjia.com/xiaoqu/3911056363963/,2008年建成 
(湖里五缘湾)钟宅五里1号,3栋,厦门新景地集团有限公司,,175户,新景翡翠苑,,板楼,https://xm.lianjia.com/xiaoqu/3911057757548/,2013年建成 
(湖里金尚)金尚路427到449号,5栋,厦门市华林建设发展有限公司,,382户,华林金盛花园,,板楼,https://xm.lianjia.com/xiaoqu/3911057344886/,2000年建成 
(湖里机场区)安兜北里13号到57号,14栋,无开发商,,793户,双鲤新城,,塔楼/板楼/塔板结合,https://xm.lianjia.com/xiaoqu/3911057751475/,2002年建成 
(湖里江头)嘉禾路398号,2栋,厦门中铁建设有限公司,,713户,中铁财富港湾,,塔楼/板楼/平房,https://xm.lianjia.com/xiaoqu/3911064009062/,2007年建成 
(湖里万达广场)金益六里特房山水新座,8栋,厦门特工房产有限公司,,352户,特房山水新座,,板楼,https://xm.lianjia.com/xiaoqu/3911057774056/,2012年建成 
(湖里五缘湾)穆厝南里2号到70号,18栋,厦门市中骏置业有限公司,,333户,中骏天誉,,塔楼/板楼,https://xm.lianjia.com/xiaoqu/3911099683434/,2015年建成 
(湖里万达广场)金益三里,5栋,厦门国贸地产有限公司,,1296户,湖边花园A区,,板楼/塔板结合,https://xm.lianjia.com/xiaoqu/3911057767762/,2009年建成 
(湖里南山路)宜宾路201到207号,14栋,厦门市盛华物房地产开发有限公司,,204户,华景花园,,板楼/塔板结合,https://xm.lianjia.com/xiaoqu/3911057318304/,1995年建成 
(湖里软件园)会展路2001-2007号,4栋,海城中海润泽置业有限公司,,208户,海悦和居,,塔板结合,https://xm.lianjia.com/xiaoqu/3912609909961525/,1998年建成 
(湖里金尚)后埔社347号,1栋,暂无信息,,190户,福胜公寓,,板楼,https://xm.lianjia.com/xiaoqu/3920022293146557/,暂无信息 
(湖里祥店)嘉禾路与园山南路交叉口,2栋,上海航武置业有限公司,,74户,武警宿舍,,板楼,https://xm.lianjia.com/xiaoqu/3911058686681/,1997年建成 
(湖里金尚)金盛里,8栋,暂无信息,,922户,忠仑花园,,未知类型,https://xm.lianjia.com/xiaoqu/3911055923130/,暂无信息 
(湖里保税区)华昌路134号,1栋,北京住总首开置业有限公司,,14户,客家大厦,,板楼,https://xm.lianjia.com/xiaoqu/3918175441012959/,1998年建成 
"(湖里金山)金山西二里296-299号, 金山西路86号, 金山西路56-86号",2栋,金辉地产,,132户,金山西二里,,板楼,https://xm.lianjia.com/xiaoqu/3920022736845276/,1998年建成 
(湖里五缘湾)泗水道,1栋,明发集团,,577户,明发海湾度假村,,板楼,https://xm.lianjia.com/xiaoqu/3911628981006899/,2013年建成 
(湖里殿前)殿前一路1020号,1栋,铁建集团,,12户,西埭公寓,,板楼,https://xm.lianjia.com/xiaoqu/3920025033197203/,2005年建成 
(湖里邮轮城)东渡路,1栋,暂无信息,,28户,厦门海洋渔业开发公司住宅楼,,塔楼,https://xm.lianjia.com/xiaoqu/3911056371458/,暂无信息 
(湖里枋湖)枋湖北二路中骏天宸,4栋,厦门骏佑房地产开发有限公司,,366户,中骏天宸,,未知类型,https://xm.lianjia.com/xiaoqu/3920042380441896/,暂无信息 
(湖里枋湖)枋湖西三路333号,2栋,海城中海润泽置业有限公司,,134户,金枋世家二期,,塔楼/板楼,https://xm.lianjia.com/xiaoqu/3911057439545/,2012年建成 
(湖里五缘湾)安岭路998号,1栋,大连金海置业有限公司金海电器分公司,,41户,金海湾财富中心3号,,塔楼,https://xm.lianjia.com/xiaoqu/3920027696717974/,2014年建成 
(湖里SM)湖里区 园山南路802号1106室,2栋,暂无信息,,3户,联发电子广场,,板楼,https://xm.lianjia.com/xiaoqu/39000000000838/,2007年建成 
(湖里南山路)南山路138到159号,23栋,厦门卓晟实业发展有限公司,,810户,仙洞山庄,,板楼,https://xm.lianjia.com/xiaoqu/3911057366552/,1995年建成 
"(湖里大唐世家)园山北二里9号, 园山北二里8号",53栋,厦门佳瑞房地产开发有限公司,,148户,佳馨美墅,,板楼/塔板结合,https://xm.lianjia.com/xiaoqu/3911454505823372/,1994年建成 
(湖里南山路)海天路65号,1栋,物业和度娘都不知道开发商名称,,139户,鹭辉大厦,,塔楼,https://xm.lianjia.com/xiaoqu/3914374734408945/,2000年建成 
(湖里湖里大道)嘉园路79到103号,4栋,厦门特工房产有限公司,,367户,芙蓉苑二期,,板楼/塔板结合,https://xm.lianjia.com/xiaoqu/3911057409736/,1999年建成 
"(湖里大唐世家)新丰路45-79号, 湖里厦门市湖里区新丰路45-79号",4栋,厦门大唐房地产有限公司,,217户,大唐世家八期,,板楼,https://xm.lianjia.com/xiaoqu/3911057989139/,2003年建成 
(湖里东渡)厦门市东渡路106号,5栋,东渡国际集团,,125户,东渡华城,,板楼,https://xm.lianjia.com/xiaoqu/3911056357036/,1993年建成 
"(湖里祥店)后埔北二里196到199号, 后埔北二里192-195号",2栋,厦门集富房地产开发有限公司,,206户,阳光美地,,板楼,https://xm.lianjia.com/xiaoqu/3911058687265/,2003年建成 
(湖里祥店)后埔北里281-289号,3栋,厦门市天地开发建设有限公司,,202户,银龙公寓,,板楼,https://xm.lianjia.com/xiaoqu/3911058687183/,2000年建成 
(湖里南山路)南山路161到246号,29栋,厦门经济特区房地产开发集团有限公司,,1387户,康乐新村二期,,板楼,https://xm.lianjia.com/xiaoqu/3911057327103/,1996年建成 
(湖里江头)嘉禾路392号,1栋,中国铁建股份有限公司,,188户,国泰大厦,,板楼,https://xm.lianjia.com/xiaoqu/3911053543774/,1992年建成 
"(湖里大唐世家)兴隆路616到660号, 兴隆路630-642号",7栋,无开发商,,318户,大唐世家六期,,板楼,https://xm.lianjia.com/xiaoqu/3911057996434/,1998年建成 
"(湖里金尚)金盛路, 金丰里20号, 金丰里9-1号",8栋,厦门华星开发商,,246户,丰泽苑,,板楼,https://xm.lianjia.com/xiaoqu/3911055908725/,1998年建成 
(湖里金尚)吕岭路201-211号,13栋,厦门住宅建设集团有限公司,,314户,吕岭路,,板楼,https://xm.lianjia.com/xiaoqu/3911057403769/,1988年建成 
(湖里金山)金山西二里16号到29号,5栋,厦门市政房地产开发有限公司,,273户,金永昌家园,,塔楼/板楼,https://xm.lianjia.com/xiaoqu/3911058686082/,2003年建成 
(湖里江头)嘉禾路390号,3栋,厦门市福园房地产开发有限公司,,1473户,福园公寓,,塔楼/板楼,https://xm.lianjia.com/xiaoqu/3911053586004/,1999年建成 
(湖里东渡)东渡路,24栋,无开发商,,795户,东渡路,,板楼,https://xm.lianjia.com/xiaoqu/3911565005287693/,1977年建成 
(湖里南山路)南山路105到115号,7栋,无开发商,,176户,南山公寓,,塔楼/板楼,https://xm.lianjia.com/xiaoqu/3911057380437/,1990年建成 
(湖里东渡)和宁里113～121号梯,23栋,厦门港务地产有限公司,,285户,濠头村新庄园,,板楼/塔板结合,https://xm.lianjia.com/xiaoqu/3911057156881/,2000年建成 
(湖里金山)江南雅筑,3栋,厦门新江南发展有限公司,,65户,江南雅筑,,板楼,https://xm.lianjia.com/xiaoqu/3911062081525/,2000年建成 
(湖里湖边水库)金边路万科湖心岛,9栋,厦门万科房地产有限公司,,693户,万科湖心岛,,塔楼/塔板结合/平房,https://xm.lianjia.com/xiaoqu/398097195373191/,2008年建成 
"(湖里大唐世家)禾山路663到705号, 禾山路655号",7栋,厦门市源昌房地产开发有限公司,,417户,源泉山庄,,塔楼/板楼,https://xm.lianjia.com/xiaoqu/3911053765351/,1996年建成 
(湖里五缘湾)岐山路14到16号,6栋,信诚集团,,411户,信诚VBO,,塔楼/板楼,https://xm.lianjia.com/xiaoqu/3914602305548634/,2016年建成 
"(湖里SM)乌石浦二里116-119号, 乌石浦二里111-129号",3栋,无开发商,,287户,乌石浦新村,,板楼,https://xm.lianjia.com/xiaoqu/3913985273907918/,1990年建成 
(湖里南山路)南山路393-397号,12栋,无开发商,,650户,南山新村,,塔楼/板楼,https://xm.lianjia.com/xiaoqu/3911057351233/,1990年建成 
(湖里枋湖)梧桐里1到25号,5栋,厦门钜丰房地产开发有限公司,,251户,御之苑,,板楼,https://xm.lianjia.com/xiaoqu/3911057456200/,2009年建成 
"(湖里祥店)仙岳路10-74号, 祥店路180-101号, 祥店里49号, 祥店二路50-66号",4栋,厦门市天地开发建设有限公司,,253户,"祥店新村(41-47,59-66)",,板楼,https://xm.lianjia.com/xiaoqu/3911058687052/,1986年建成 
(湖里金尚)厦门市湖里区金尚路267号,1栋,厦门一元房地产开发有限公司,,93户,金尚首府,,板楼,https://xm.lianjia.com/xiaoqu/3911130552988012/,2010年建成 
(湖里东渡)和旭里37到39号,17栋,厦门国建美地置业有限公司,,191户,优山美地,,板楼/塔板结合,https://xm.lianjia.com/xiaoqu/3911057271458/,1999年建成 
(湖里五缘湾)钟宅西二里1到8号,8栋,厦门经济特区房地产开发集团有限公司,,548户,特房五缘尊府,,板楼,https://xm.lianjia.com/xiaoqu/3911057755026/,2012年建成 
(湖里江头)吕岭路,2栋,厦门中城集团,,268户,都市华庭,,塔楼/塔板结合,https://xm.lianjia.com/xiaoqu/3911053697542/,2002年建成 
(湖里万达广场)仙岳路万华国际,1栋,鑫杭（厦门）置业有限公司,,88户,万华国际,,板楼,https://xm.lianjia.com/xiaoqu/3920033687617192/,暂无信息 
(湖里湖里大道)嘉禾路705号,1栋,暂无信息,,1户,厦昌国际,,未知类型,https://xm.lianjia.com/xiaoqu/3920033785148759/,暂无信息 
(湖里枋湖)枋湖路9到19号,2栋,深圳桑达的房地产开发有限公司,,221户,光彩双拥双创园,,塔楼,https://xm.lianjia.com/xiaoqu/3920020848899322/,2008年建成 
(湖里殿前)兴湖路31号,1栋,暂无信息,,160户,启航大厦,,塔楼,https://xm.lianjia.com/xiaoqu/3920021007273012/,2000年建成 
(湖里湖里大道)湖里大道99号,1栋,建发房产,,136户,同吉大厦,,塔板结合,https://xm.lianjia.com/xiaoqu/3920023565559456/,1990年建成 
(湖里湖边水库)下湖社489号,1栋,暂无信息,,1户,星博大厦,,板楼,https://xm.lianjia.com/xiaoqu/3920021761352189/,暂无信息 
(湖里南山路)厦门市湖里兴隆路88号,2栋,暂无信息,,157户,灿坤文化创意园,,板楼,https://xm.lianjia.com/xiaoqu/3913130486526919/,暂无信息 
(湖里大唐世家)马垄路11号,1栋,暂无信息,,1户,佳益大厦,,板楼,https://xm.lianjia.com/xiaoqu/3920033523991212/,暂无信息 
(湖里湖里大道)湖里大道6号,1栋,暂无信息,,48户,北方商务大厦,,未知类型,https://xm.lianjia.com/xiaoqu/3920024127850324/,暂无信息 
(湖里殿前)长浩路270号,1栋,暂无信息,,1户,长江大厦,,未知类型,https://xm.lianjia.com/xiaoqu/3920029677155019/,暂无信息 
(湖里机场区)安兜社8072号,2栋,暂无信息,,3户,安兜社,,板楼,https://xm.lianjia.com/xiaoqu/3920021810639496/,暂无信息 
"(湖里五缘湾)湖里区高新技术园岐山路一号, 岐山路1号, 岐山路01号-47号",1栋,泉州华亿房地产开发有限公司,,168户,亿华中心,,板楼,https://xm.lianjia.com/xiaoqu/3920021959535204/,2013年建成 
(湖里大唐世家)火炬东路22号,1栋,暂无信息,,7户,火炬新天地,,平房,https://xm.lianjia.com/xiaoqu/3920033587959278/,暂无信息 
(湖里机场区)县后社891号,1栋,暂无信息,,25户,汇鑫大厦,,未知类型,https://xm.lianjia.com/xiaoqu/3920026420048305/,暂无信息 
(湖里殿前)寨上二组2180号,1栋,暂无信息,,2户,寨上步行街,,板楼,https://xm.lianjia.com/xiaoqu/3920021906056918/,暂无信息 
(湖里湖里大道)湖里大道22号,1栋,中骏置业,,73户,联发文创口岸,,塔楼,https://xm.lianjia.com/xiaoqu/3920027854020047/,1998年建成 
(湖里湖里大道)厦门市湖里区悦华路161号,1栋,建发房产,,180户,中山公寓,,板楼,https://xm.lianjia.com/xiaoqu/3911743435436193/,1990年建成 
(湖里湖里大道)悦华路151号,2栋,厦门福康有限公司,,275户,豪利大厦,,塔板结合,https://xm.lianjia.com/xiaoqu/3911100911139/,2003年建成 
(湖里五缘湾)五缘湾木浦路101号,1栋,山西恒志缘房地产开发有限公司,,216户,恒缘1985,,板楼,https://xm.lianjia.com/xiaoqu/3912154352971181/,2012年建成 
(湖里东渡)东兴路42号,1栋,暂无信息,,12户,东兴路,,塔板结合,https://xm.lianjia.com/xiaoqu/3920022338233879/,暂无信息 
(湖里五缘湾)安岭二路90号,1栋,天津中昌源投资有限公司,,60户,希尼亚国际,,平房,https://xm.lianjia.com/xiaoqu/3920035510858331/,2006年建成 
(湖里五缘湾)环岛东路2504号,1栋,福建兆翔临港置业有限公司,,180户,海峡新岸,,板楼,https://xm.lianjia.com/xiaoqu/3920033709626766/,2012年建成 
(湖里湖里大道)湖里大道35号,1栋,暂无信息,,1户,联发30号厂房,,板楼,https://xm.lianjia.com/xiaoqu/3920028305107271/,暂无信息 
"(湖里江头)台湾街80号, 江头南路64-102号",1栋,暂无信息,,4户,天地美食城,,未知类型,https://xm.lianjia.com/xiaoqu/3916955426746149/,暂无信息 
(湖里枋湖)金胡二里76号,1栋,暂无信息,,80户,禹洲嘉美伦酒店公寓,,未知类型,https://xm.lianjia.com/xiaoqu/3920031594814819/,暂无信息 
(湖里湖里大道)悦华路153号,2栋, 陕西亿润经贸有限公司 ,,78户,万项商务中心,,板楼,https://xm.lianjia.com/xiaoqu/3916589830260846/,2009年建成 
(湖里南山路)南山路252号,1栋,暂无信息,,30户,广厦花园,,板楼,https://xm.lianjia.com/xiaoqu/3911057306332/,2005年建成 
(湖里机场区)翔云二路258号,1栋,暂无信息,,190户,货运配套单身宿舍楼,,板楼,https://xm.lianjia.com/xiaoqu/3916480240414342/,暂无信息 
(湖里江头)江华里,3栋,厦门市天地开发建设有限公司,,84户,嘉达花园一区,,板楼,https://xm.lianjia.com/xiaoqu/3911053556940/,1990年建成 
(湖里五缘湾)护安路73-75,1栋, 重庆汇东房地产开发有限公司,,206户,梅花光电,,塔板结合,https://xm.lianjia.com/xiaoqu/3920027775375167/,2015年建成 
(湖里五缘湾)五缘湾木浦路103号,1栋,恒安房地产,,128户,恒安国际中心,,塔板结合,https://xm.lianjia.com/xiaoqu/3914282747294267/,2013年建成 
"(湖里大唐世家)新丰路与火炬二路交叉口, 湖里湖里区新丰路18号, 兴隆东里15号, 兴隆东里20-28号, 兴隆东里29号",4栋,厦门火炬集团有限公司,,455户,加州花园,,塔楼/板楼,https://xm.lianjia.com/xiaoqu/3911058014750/,2006年建成 
(湖里殿前)长乐路281-307号,8栋,厦门市盛华物房地产开发有限公司,,404户,长乐一期,,塔板结合,https://xm.lianjia.com/xiaoqu/3911058031943/,1994年建成 
(湖里南山路)宜宾路6号,10栋,厦门中祥房地产开发有限公司,,236户,荣华大厦湖里区,,塔楼/板楼,https://xm.lianjia.com/xiaoqu/3911099496813/,1992年建成 
(湖里殿前)长乐路131到135号,2栋,厦门市盛华物房地产开发有限公司,,89户,永乐阁,,塔板结合,https://xm.lianjia.com/xiaoqu/3911100719278/,2001年建成 
"(湖里保税区)悦星园, 昌宾路, 鸿宾路70-72号",4栋,厦门市富山房地产公司,,166户,悦星园,,塔板结合,https://xm.lianjia.com/xiaoqu/3911057500685/,2007年建成 
"(湖里保税区)悦华路23-29号, 悦华路43",6栋,厦门市盛华物房地产开发有限公司,,163户,兴湖花园,,板楼/塔板结合,https://xm.lianjia.com/xiaoqu/3911058020792/,1995年建成 
(湖里湖里大道)嘉园路207到213号,15栋,厦门市住宅建设总公司,,841户,芙蓉苑六期,,板楼/塔板结合,https://xm.lianjia.com/xiaoqu/3911057411533/,1995年建成 
"(湖里万达广场)金益五里1到8号, 金益五里2号, 金益五里2-1号, 金益五里4号, 金益五里4-112号",9栋,厦门特房建设工程集团有限公司,,565户,特房山水尚座湖里,,板楼/塔板结合,https://xm.lianjia.com/xiaoqu/3911099522041/,2012年建成 
(湖里湖里大道)嘉园路67号,3栋,厦门特工房产有限公司,,369户,芙蓉苑一期,,板楼/塔板结合,https://xm.lianjia.com/xiaoqu/3911057427719/,1997年建成 
(湖里保税区)华昌路136号,2栋,厦门永升房地产开发有限公司,,76户,都市雅苑,,塔楼/板楼,https://xm.lianjia.com/xiaoqu/3911562064294622/,2000年建成 
"(湖里保税区)特祥苑, 昌宾路41-45号, 昌宾路51号",12栋,厦门华星开发商,,444户,特祥苑,,板楼,https://xm.lianjia.com/xiaoqu/3911057444858/,1997年建成 
(湖里东渡)双狮山路8-39号,17栋,无开发商,,568户,双狮山路,,板楼,https://xm.lianjia.com/xiaoqu/3914350758719941/,1985年建成 
(湖里江头)江头东路18号,1栋,厦门华星开发商,,300户,航空大厦,,塔楼,https://xm.lianjia.com/xiaoqu/3911055033339/,1997年建成 
(湖里湖里大道)厦门市湖里区兴隆路89号,12栋, 大理耀鹏房地产开发有限责任公司,,119户,富豪花园,,板楼/平房,https://xm.lianjia.com/xiaoqu/3911135632814045/,1990年建成 
(湖里五缘湾)穆厝里1号到5号,3栋,厦门经济特区房地产开发集团有限公司,,278户,特房五缘尚座,,板楼/塔板结合,https://xm.lianjia.com/xiaoqu/3911057753520/,2012年建成 
(湖里南山路)南山路253-288号,17栋,厦门经济特区房地产开发集团有限公司,,699户,康乐新村一期西区,,板楼,https://xm.lianjia.com/xiaoqu/3911057341607/,1997年建成 
(湖里东渡)和通里1到11号,5栋,厦门福满经济开发有限公司,,216户,福隆花园,,塔板结合,https://xm.lianjia.com/xiaoqu/3911057143204/,2002年建成 
"(湖里五缘湾)岐山路380-382号, 岐山路388号",5栋,厦门宏益华集团有限公司,,690户,宏益华府,,板楼,https://xm.lianjia.com/xiaoqu/3912428089765530/,2013年建成 
(湖里东渡)海山路水务宿舍,4栋,无开发商,,135户,东渡水务宿舍,,板楼,https://xm.lianjia.com/xiaoqu/398849600032828/,1989年建成 
(湖里江头)江头西路,3栋,厦门丹鹭房地产开发有限公司,,219户,水岸豪景,,板楼,https://xm.lianjia.com/xiaoqu/3911053564192/,2000年建成 
(湖里南山路)宜宾路62到84号,12栋,厦门市万邦实业开发公司,,690户,万景花园,,板楼,https://xm.lianjia.com/xiaoqu/3911057360229/,1995年建成 
(湖里保税区)象兴四路22号,2栋,无开发商,,618户,象屿大厦,,塔楼,https://xm.lianjia.com/xiaoqu/3914586312930302/,2012年建成 
"(湖里大唐世家)兴隆路505-519号, 兴隆路503号",5栋,百脑汇（福建）电子科技有限公司,,324户,科技村,,塔楼/板楼,https://xm.lianjia.com/xiaoqu/3911058015715/,1995年建成 
(湖里江头)台湾街318号,1栋,厦门荣辉房地产开发有限公司,,216户,金盛大厦,,板楼,https://xm.lianjia.com/xiaoqu/3911053559263/,2003年建成 
(湖里南山路)海天路131到219号,22栋,厦门建筑综合发展公司,,608户,海天小区,,塔楼/板楼,https://xm.lianjia.com/xiaoqu/3911057333243/,1986年建成 
(湖里SM)湖里区禾山路205号,4栋,暂无信息,,50户,厦门电子职业学校宿舍,,板楼,https://xm.lianjia.com/xiaoqu/3911474065435707/,暂无信息 
(湖里SM)圆山南路,6栋,天安(厦门)地产投资有限公司,,448户,嘉景花园,,板楼,https://xm.lianjia.com/xiaoqu/3911053713115/,2002年建成 
(湖里五缘湾)厦门市湖里区钟岭路68号,1栋,厦门国际石材中心运营有限公司,,608户,国际石材中心,,塔楼,https://xm.lianjia.com/xiaoqu/3920028423758843/,1980年建成 
(湖里SM)薛岭北里1到18号,9栋,厦门瑞泰房地产公司,,293户,嘉隆公寓,,板楼,https://xm.lianjia.com/xiaoqu/3911053723537/,2001年建成 
(湖里金尚)金昌路97到103号,12栋,厦门住宅建设集团有限公司,,545户,金秋花园,,板楼,https://xm.lianjia.com/xiaoqu/3911057699501/,2000年建成 
(湖里东渡)和通里41-49号,9栋,中骏置业,,87户,边检宿舍,,板楼/塔板结合,https://xm.lianjia.com/xiaoqu/3920036310173617/,1999年建成 
"(湖里SM)乌石浦二里167到169号, 乌石浦二里169号",7栋,厦门市古龙集团房地产开发有限公司,,263户,古龙花园,,塔楼/板楼,https://xm.lianjia.com/xiaoqu/3911053701736/,2006年建成 
(湖里湖边水库)金洪路湖边花园B区西区,5栋,厦门特房建设工程集团有限公司,,1211户,湖边花园B区西区,,塔楼/塔板结合,https://xm.lianjia.com/xiaoqu/3920039743894789/,2010年建成 
"(湖里五缘湾)安岭路999号, 安岭路1001号",2栋,厦门国贸金海湾投资有限公司,,128户,金海湾财富中心1号,,板楼/塔板结合,https://xm.lianjia.com/xiaoqu/3916072038690220/,2006年建成 
"(湖里南山路)宜宾路47-51号, 宜宾路53-61号",8栋,暂无信息,,8户,雅景别墅,,未知类型,https://xm.lianjia.com/xiaoqu/3910928458838610/,1998年建成 
(湖里五缘湾)湖里五缘湾泗水道（五缘湾运动馆旁）,2栋,厦门市英泰富房地产有限公司,,317户,万隆国际广场,,塔板结合,https://xm.lianjia.com/xiaoqu/3914601666441443/,2015年建成 
(湖里南山路)宜宾路17号,2栋, 重庆汇东房地产开发有限公司,,19户,国防计量站小区,,板楼,https://xm.lianjia.com/xiaoqu/3911288683753878/,1998年建成 
(湖里五缘湾)泗水道623~625号,2栋,厦门同安对外经济技术合作总公司,,136户,同安商务大厦,,塔楼/板楼,https://xm.lianjia.com/xiaoqu/3910117061291420/,2009年建成 
(湖里湖里大道)悦华路166号,1栋,暂无信息,,2户,恒兴大厦,,塔板结合,https://xm.lianjia.com/xiaoqu/3920030043252785/,暂无信息 
(湖里保税区)和悦里65到74号,1栋,中骏置业,,3户,韵园别墅,,板楼/平房,https://xm.lianjia.com/xiaoqu/3915870392045089/,1995年建成 
(湖里南山路)海天路3-4号附近,1栋,厦门永升房地产开发有限公司,,62户,临海苑,,板楼,https://xm.lianjia.com/xiaoqu/3911057378608/,2006年建成 
(湖里邮轮城)同益路52号,1栋,无,,14户,同益路,,板楼,https://xm.lianjia.com/xiaoqu/3918177763849097/,1995年建成 
(湖里南山路)南山路52号,1栋, 大理耀鹏房地产开发有限责任公司,,18户,南山华府,,平房,https://xm.lianjia.com/xiaoqu/3920039828911256/,1990年建成 
"(湖里南山路)南山路89号, 南山路91号",4栋,北京首创建设有限公司,,39户,万山小区,,板楼,https://xm.lianjia.com/xiaoqu/3920024734226157/,1989年建成 
(湖里金尚)双浦路239号,2栋,厦门市天地开发建设有限公司,,51户,天宝花园二期,,板楼,https://xm.lianjia.com/xiaoqu/3911057426757/,2005年建成 
(湖里南山路)竹坑路11号,1栋,"""浙江富园房地产开发有限公司",,21户,竹坑路11号,,塔板结合,https://xm.lianjia.com/xiaoqu/3920038722343741/,1989年建成 
(湖里机场区)林后社777号,3栋,广州城建发地产,,297户,恒祥新苑,,板楼,https://xm.lianjia.com/xiaoqu/3920034248843808/,2000年建成 
(湖里南山路)南山路48号,1栋,暂无信息,,96户,德信庄园,,塔板结合,https://xm.lianjia.com/xiaoqu/3920023115460079/,暂无信息 
"(湖里大唐世家)厦门市湖里区小东山社, 小东山社6号, 小东山社4号",2栋,大唐地产集团,,36户,小东山村,,板楼/塔板结合,https://xm.lianjia.com/xiaoqu/3913236341584494/,1998年建成 
(湖里五缘湾)枋钟路2370号,4栋, 陕西亿润经贸有限公司 ,,244户,金山财富广场,,塔楼/板楼,https://xm.lianjia.com/xiaoqu/3912783508532420/,2006年建成 
"(湖里机场区)高崎北二路491号,高崎北二路493号",2栋,上海长城嘉福置业有限公司,,28户,嘉福盐业小区,,板楼,https://xm.lianjia.com/xiaoqu/3920038868098547/,2001年建成 
(湖里大唐世家)园山北里71-9号附近,9栋,厦门坤城房地产开发有限公司,,2573户,雪梨星光,,塔楼/板楼,https://xm.lianjia.com/xiaoqu/3911058021513/,2000年建成 
(湖里南山路)厦门市湖里区海天路161号602室,1栋,暂无信息,,56户,海天大厦,,塔楼,https://xm.lianjia.com/xiaoqu/39000000000224/,1992年建成 
(湖里南山路)海天路63之8-11号,1栋,厦门联发（集团）房地产公司,,80户,雅丽阁,,板楼,https://xm.lianjia.com/xiaoqu/3911057420176/,2004年建成 
(湖里SM)乌石浦路乌石浦二期,11栋, 合肥万科瑞翔地产有限公司,,140户,乌石浦二期,,板楼,https://xm.lianjia.com/xiaoqu/3911742172425693/,2000年建成 
(湖里五缘湾)安岭二路89号,1栋,金凤房地产开发有限公司,,190户,金凤集团,,塔板结合,https://xm.lianjia.com/xiaoqu/3920027041089343/,2009年建成 
(湖里湖里大道)象屿路88号,1栋,暂无信息,,209户,保税市场大厦,,塔楼,https://xm.lianjia.com/xiaoqu/3920023296969643/,1997年建成 
(湖里枋湖)枋湖西三路281号,11栋, 陕西亿润经贸有限公司 ,,1376户,金枋世家一期,,塔楼,https://xm.lianjia.com/xiaoqu/3911057441311/,2012年建成 
(湖里南山路)厦门市湖里区宜宾路63-211号,6栋,暂无信息,,73户,华景小区,,板楼,https://xm.lianjia.com/xiaoqu/3911635005075413/,暂无信息 
(湖里殿前)长乐路350-352号,1栋,翔鹭（厦门）房地产开发有限公司,,896户,闽南古镇,,板楼/塔板结合,https://xm.lianjia.com/xiaoqu/3914260444082133/,2000年建成 
(湖里SM)乌石浦二里,1栋,裕景兴业（厦门）有限公司,,1120户,裕兴花园,,板楼,https://xm.lianjia.com/xiaoqu/3911053760963/,1986年建成 
(湖里南山路)竹坑路64号,1栋,暂无信息,,1户,竹坑路64号,,板楼,https://xm.lianjia.com/xiaoqu/39000000000900/,1983年建成 
"(湖里SM)乌石浦二里, 湖里区乌石浦二里1号至7号",8栋,厦门市家佳物业管理有限公司,,1364户,天成花园,,塔楼/板楼,https://xm.lianjia.com/xiaoqu/3911053739298/,1998年建成 
"(湖里五缘湾)高林西路1-9号, 高林西里1-9号",6栋,建发房产,,747户,金林湾花园A区,,塔板结合/平房,https://xm.lianjia.com/xiaoqu/3920034954700603/,2015年建成 
(湖里机场区)机场自贸区-航空港物流园区高崎道892号,3栋,厦门新景地集团有限公司,,506户,舜弘国际中心,,塔板结合,https://xm.lianjia.com/xiaoqu/3920031170918027/,暂无信息 
(湖里万达广场)厦门市湖里区仙岳路与环岛干道交汇处,1栋,鼎丰商业管理有限公司,,528户,鼎丰财富中心,,塔楼,https://xm.lianjia.com/xiaoqu/3920021456163720/,1999年建成 
(湖里观音山)环岛东路海峡明珠广场,2栋,厦门海峡明珠投资开发有限公司,,1051户,海峡明珠广场,,塔楼,https://xm.lianjia.com/xiaoqu/3920021107933848/,2015年建成 
(湖里东渡)和宁里126号,2栋,暂无信息,,1户,禹州棕榈城,,塔板结合,https://xm.lianjia.com/xiaoqu/3920034338019851/,暂无信息 
(湖里枋湖)梧桐西路1号,1栋,暂无信息,,144户,船务大厦,,未知类型,https://xm.lianjia.com/xiaoqu/3920035345091797/,暂无信息 
(湖里邮轮城)同益路50号,1栋,海城中海润泽置业有限公司,,15户,海明大厦,,板楼,https://xm.lianjia.com/xiaoqu/3920035437404775/,2002年建成 
(湖里江头)江头西路,2栋, 陕西亿润经贸有限公司 ,,276户,江头花园,,板楼,https://xm.lianjia.com/xiaoqu/3911053557883/,1998年建成 
(湖里东渡)海山路91号,3栋,大连大洲置业有限公司,,23户,东荣社区,,塔楼/塔板结合,https://xm.lianjia.com/xiaoqu/3920038162263622/,1988年建成 
(湖里湖里大道)湖里区湖里大道63号401单元,1栋,暂无信息,,1户,湖里大道63号厂房,,塔板结合,https://xm.lianjia.com/xiaoqu/39000000000020/,1988年建成 
(湖里殿前)湖里区寨上2401号第二层A单元,1栋,暂无信息,,1户,寨上社,,未知类型,https://xm.lianjia.com/xiaoqu/39000000000292/,暂无信息 
"(湖里五缘湾)高林西里1-9号, 高林西里10-16号",6栋, 陕西亿润经贸有限公司 ,,752户,金林湾花园B区,,塔板结合,https://xm.lianjia.com/xiaoqu/3920034297105970/,2005年建成 
(湖里南山路)海天路1号,1栋, 陕西亿润经贸有限公司 ,,1户,临海苑办公楼,,平房,https://xm.lianjia.com/xiaoqu/39000000000263/,2004年建成 
(湖里SM)园山南路898号,1栋,兴隆县天的置业有限公司,,529户,后埔・玉岭大厦,,塔楼,https://xm.lianjia.com/xiaoqu/3920022081312490/,1999年建成 
(湖里五缘湾)安岭二路50号,1栋,暂无信息,,14户,安岭二路,,板楼,https://xm.lianjia.com/xiaoqu/3920023218295147/,2000年建成 
(湖里金山)金山西路48号,3栋, 陕西亿润经贸有限公司 ,,138户,金山西路,,塔楼/板楼,https://xm.lianjia.com/xiaoqu/3915118037429994/,2000年建成 
(湖里机场区)厦门高崎国际机场T3航站楼南片区,1栋,厦门兆翔瀚藏置业有限公司,,290户,海丝艺术品中心,,塔楼,https://xm.lianjia.com/xiaoqu/3920021456165781/,2018年建成 
(湖里殿前)殿前四路134号,2栋,暂无信息,,25户,殿前四路,,板楼,https://xm.lianjia.com/xiaoqu/3920022284755692/,暂无信息 
(湖里机场区)枋湖北二路135号,1栋,暂无信息,,12户,闽江局宿舍,,板楼,https://xm.lianjia.com/xiaoqu/3920022518589168/,暂无信息 
(湖里枋湖)枋湖西一里39-45号,2栋,无开发商,,170户,新永成花园,,板楼,https://xm.lianjia.com/xiaoqu/3911057456111/,2000年建成 
(湖里南山路)宜宾路39-1,1栋,暂无信息,,1户,台湾工业园单身公寓,,未知类型,https://xm.lianjia.com/xiaoqu/3920024449928624/,暂无信息 
"(湖里殿前)爱民路233号, 神山爱民路240号",7栋,暂无信息,,150户,神山公寓,,板楼,https://xm.lianjia.com/xiaoqu/3916345424473694/,暂无信息 
(湖里五缘湾)泗水道611号,1栋,浙江绿金置业有限公司,,92户,金绿广场,,塔楼,https://xm.lianjia.com/xiaoqu/3910116971377044/,2013年建成 
(湖里五缘湾)安岭二路108号,1栋,暂无信息,,12户,湖里国投,,板楼,https://xm.lianjia.com/xiaoqu/3920024954556125/,暂无信息 
(湖里五缘湾)泗水道629号,1栋,厦门翔安建设发展房地产有限公司,,129户,翔安商务大厦,,塔楼,https://xm.lianjia.com/xiaoqu/3918224338208873/,2013年建成 
(湖里东渡)东渡路,1栋,厦门港务地产有限公司,,168户,港吉大厦,,板楼,https://xm.lianjia.com/xiaoqu/3911056363492/,2000年建成 
(湖里东渡)和通里162号到181号,11栋,"厦门禹洲集团股份有限公司,",,494户,和通新村,,塔楼,https://xm.lianjia.com/xiaoqu/3911062000161/,2000年建成 
(湖里SM)仙岳路30号,5栋,厦门百江投资有限公司,,147户,百果山小区,,板楼,https://xm.lianjia.com/xiaoqu/3911053695628/,2000年建成 
(湖里殿前)兴湖路25号,1栋,厦门奔马实业有限公司,,307户,欣家园,,塔板结合,https://xm.lianjia.com/xiaoqu/3911058020582/,2004年建成 
(湖里五缘湾)墩岭一里1-26号,8栋,天地房地产开发,,944户,金福缘新城（墩岭一里）,,板楼,https://xm.lianjia.com/xiaoqu/399162408341881/,1996年建成 
(湖里保税区)和悦里37-44号,17栋,无开发商,,340户,和悦里,,板楼,https://xm.lianjia.com/xiaoqu/3911629777661872/,1994年建成 
(湖里东渡)东村巷,7栋, 重庆汇东房地产开发有限公司,,124户,东村巷,,板楼,https://xm.lianjia.com/xiaoqu/3920020495515145/,1988年建成 
(湖里南山路)兴隆路24-10号,1栋,暂无信息,,2户,旺荣大厦,,未知类型,https://xm.lianjia.com/xiaoqu/39000000001014/,暂无信息 
(湖里金尚)金昌路,3栋,厦门华星开发商,,162户,玉山花园,,板楼,https://xm.lianjia.com/xiaoqu/3911055919088/,2005年建成 
(湖里东渡)湖里东渡和顺里50-165号,9栋,厦门特祥房地产开发有限公司,,218户,半山林海二期,,板楼/塔板结合,https://xm.lianjia.com/xiaoqu/3911057169047/,2007年建成 
(湖里南山路)康乐路214号,2栋,暂无信息,,11户,康乐路,,板楼,https://xm.lianjia.com/xiaoqu/3916683329685976/,暂无信息 
(湖里江头)江宁里1号,9栋,厦门市天地开发建设有限公司,,437户,江宁里,,板楼,https://xm.lianjia.com/xiaoqu/3911053553281/,1993年建成 
(湖里江头)台湾街209到279号,3栋,厦门市天地开发建设有限公司,,139户,天地花园,,板楼,https://xm.lianjia.com/xiaoqu/3911053567910/,1996年建成 
(湖里金尚)后埔东二里1到96号,12栋,厦门新万联房地产开发有限公司,,187户,唐庄,,板楼/塔板结合,https://xm.lianjia.com/xiaoqu/3912608047950899/,2000年建成 
(湖里湖里大道)湖里大道80-84号,1栋,厦门永升房地产开发有限公司,,80户,明园大厦,,塔板结合,https://xm.lianjia.com/xiaoqu/3913396555869974/,1997年建成 
(湖里南山路)南山路127-135号,5栋,上海住新置业服务合作公司,,188户,公园新村,,板楼,https://xm.lianjia.com/xiaoqu/3911057351340/,2000年建成 
(湖里江头)吕岭路75-77号,1栋,厦门长盛经济发展有限公司,,170户,长安大厦,,塔楼,https://xm.lianjia.com/xiaoqu/3911055134089/,1998年建成 
(湖里江头)江顺里233到243号,2栋,厦门新景地集团有限公司,,286户,新景雅苑,,塔楼,https://xm.lianjia.com/xiaoqu/3911053568891/,2003年建成 
(湖里金尚)金昌里150到151号,7栋,厦门金秋豪园房地产有限公司,,444户,金秋花园三期,,塔楼/塔板结合,https://xm.lianjia.com/xiaoqu/3911057701866/,2000年建成 
(湖里南山路)兴隆路218到392号,42栋,厦门市鼓浪屿房地产开发有限公司,,287户,博士山庄,,板楼,https://xm.lianjia.com/xiaoqu/3911057323997/,1998年建成 
(湖里湖里大道)嘉园路139号,3栋,厦门特工房产有限公司,,349户,芙蓉苑四期,,板楼/塔板结合,https://xm.lianjia.com/xiaoqu/3911057424121/,2003年建成 
(湖里邮轮城)双狮南里37号,21栋,无,,566户,双狮南里,,塔楼/板楼,https://xm.lianjia.com/xiaoqu/3920020469271541/,1975年建成 
(湖里金尚)禾东路,5栋,张家口集鑫投资有限公司,,350户,集鑫佳园,,板楼,https://xm.lianjia.com/xiaoqu/3911055909626/,1999年建成 
(湖里金尚)吕岭路801到813号,10栋,厦门市万邦实业开发公司,,442户,中福城,,塔楼/板楼,https://xm.lianjia.com/xiaoqu/3911055921436/,1968年建成 
"(湖里南山路)嘉禾路545-565号, 嘉禾路519-549号, 嘉禾路553号",3栋,厦门凯城房地产开发有限公司,,347户,凯城花园,,板楼,https://xm.lianjia.com/xiaoqu/3911057323999/,1993年建成 
(湖里大唐世家)园山北里34-37号,8栋,无开发商,,435户,兴隆新村,,塔楼/板楼,https://xm.lianjia.com/xiaoqu/3911058021012/,1996年建成 
(湖里湖里大道)厦门市湖里区华荣路48-50号,1栋,华宇置业,,110户,森宝大厦,,板楼,https://xm.lianjia.com/xiaoqu/3911630226715387/,1998年建成 
(湖里湖里大道)世纪花园西区,7栋,厦门华星开发商,,416户,世纪嘉园西区,,板楼,https://xm.lianjia.com/xiaoqu/3911057439117/,2003年建成 
"(湖里湖里大道)嘉兴里43到51号, 嘉兴里39到51号, 嘉禾路735-767号, 嘉园里30-32号",23栋,诚信置业(厦门)有限公司,,2102户,永升新城,,板楼/塔板结合/平房,https://xm.lianjia.com/xiaoqu/3911057447132/,1990年建成 
(湖里湖里大道)悦华路237-243号,2栋,厦门市万邦实业开发公司,,209户,龙腾花园二期,,板楼,https://xm.lianjia.com/xiaoqu/3911057432336/,1990年建成 
(湖里东渡)东兴路3号,7栋,无开发商,,162户,东兴小区,,板楼,https://xm.lianjia.com/xiaoqu/3912036221186669/,1990年建成 
(湖里祥店)祥店里67到77号,3栋,天地房地产开发,,156户,祥店市场,,板楼,https://xm.lianjia.com/xiaoqu/3911058686732/,2000年建成 
(湖里江头)台湾街145到181号,10栋,厦门市鑫新景地房地产开发有限公司,,403户,新景天湖广场2期,,塔楼,https://xm.lianjia.com/xiaoqu/3911057778232/,2007年建成 
(湖里江头)嘉禾路386-2号,1栋,厦门恒邦房地产开发有限公司,,450户,东方财富广场,,塔楼,https://xm.lianjia.com/xiaoqu/3911100194460/,1990年建成 
(湖里邮轮城)东渡路78号,1栋,暂无信息,,36户,东渡工商局宿舍,,板楼,https://xm.lianjia.com/xiaoqu/3916316737532704/,1989年建成 
(湖里保税区)区政府宿舍,4栋,无开发商,,168户,区政府宿舍,,板楼,https://xm.lianjia.com/xiaoqu/3911057437789/,1993年建成 
(湖里江头)仙岳路822到844号,1栋,厦门永同昌房地产开发有限公司,,247户,永同昌假日国际公寓,,板楼,https://xm.lianjia.com/xiaoqu/3911053570928/,2005年建成 
(湖里金尚)吕岭路183号,2栋,厦门大洋集团有限公司,,174户,泰和大厦,,板楼,https://xm.lianjia.com/xiaoqu/3911057408567/,2005年建成 
(湖里万达广场)金益三里,5栋,厦门特房建设工程集团有限公司,,1267户,湖边花园A区二标,,塔板结合,https://xm.lianjia.com/xiaoqu/3911057769384/,2010年建成 
(湖里东渡)半山林海一期,2栋,"厦门禹洲集团股份有限公司,",,200户,半山林海一期,,塔楼,https://xm.lianjia.com/xiaoqu/3911062013801/,2005年建成 
(湖里南山路)南山路500-558号,4栋,"厦门禹洲集团股份有限公司,",,169户,半山豪庭,,板楼,https://xm.lianjia.com/xiaoqu/3911057295388/,2003年建成 
"(湖里南山路)海天路4之7-之12号, 海天路6号, 海天路6之13-18号",5栋,厦门经济特区房地产开发集团有限公司,,304户,特房华苑,,板楼,https://xm.lianjia.com/xiaoqu/3911057390469/,1997年建成 
(湖里南山路)兴隆路2号之一,1栋,厦门联发（集团）房地产公司,,96户,兴隆阁,,平房,https://xm.lianjia.com/xiaoqu/3911057417231/,2007年建成 
(湖里南山路)南山路358-364号,2栋,无开发商,,120户,明德花园,,板楼,https://xm.lianjia.com/xiaoqu/3911057351275/,1995年建成 
"(湖里江头)台湾街38号, 台湾街42号",7栋,台湾开发商,,82户,台湾街,,板楼,https://xm.lianjia.com/xiaoqu/3916861940691727/,1995年建成 
(湖里金尚)金尚路179到223号,3栋,天地房地产开发,,158户,天宇花园北区,,板楼,https://xm.lianjia.com/xiaoqu/3911057427792/,1999年建成 
(湖里金尚)金尚路352号,4栋,厦门坤城房地产开发有限公司,,219户,玉鹭苑,,板楼,https://xm.lianjia.com/xiaoqu/3911055917862/,1986年建成 
(湖里南山路)海天路297-311号,6栋,厦门德辉房地产有限公司,,298户,德辉花园,,塔楼/板楼,https://xm.lianjia.com/xiaoqu/3911057329465/,1994年建成 
(湖里五缘湾)钟岭路118号,2栋,上海恒晟居置业有限公司,,434户,恒晟大厦,,板楼,https://xm.lianjia.com/xiaoqu/3912675294966092/,2010年建成 
"(湖里南山路)海天路78-92号, 南山路46-1号",25栋,无开发商,,356户,南山小区,,板楼/塔板结合,https://xm.lianjia.com/xiaoqu/3911629727592634/,1989年建成 
(湖里金尚)湖里仙岳路与成功大道交汇处,2栋,厦门新景地集团有限公司,,426户,新景七星府邸,,塔板结合,https://xm.lianjia.com/xiaoqu/3914601874345934/,2015年建成 
(湖里金尚)金北花园53-185号,6栋,厦门市住宅建设总公司,,387户,金北花园53-185号,,板楼,https://xm.lianjia.com/xiaoqu/3911057696710/,2001年建成 
(湖里南山路)海天路223到285号,18栋, 陕西亿润经贸有限公司 ,,78户,华泰苑,,板楼/塔板结合,https://xm.lianjia.com/xiaoqu/3912381716491531/,1993年建成 
(湖里江头)江头北路1号,3栋,厦门市鑫新景地房地产开发有限公司,,317户,东方威尼斯,,板楼/塔板结合,https://xm.lianjia.com/xiaoqu/3911053538979/,2005年建成 
(湖里枋湖)枋湖东四里1到52号,53栋,厦门华祥房地产发展有限公司,,56户,翰林苑,,板楼,https://xm.lianjia.com/xiaoqu/396969396048509/,2008年建成 
(湖里南山路)宜宾路26-40号,4栋,厦门经济特区房地产开发集团有限公司,,157户,特房海景公寓,,板楼,https://xm.lianjia.com/xiaoqu/3911057382212/,2001年建成 
"(湖里殿前)长乐路355-371号,395-399号",6栋,厦门奔马实业有限公司,,309户,长乐三期,,板楼/塔板结合,https://xm.lianjia.com/xiaoqu/3911058031623/,1999年建成 
(湖里湖里大道)兴隆路89-99号,3栋,厦门奔马房地产开发有限公司,,157户,奔马馨园,,板楼,https://xm.lianjia.com/xiaoqu/3911057321115/,2001年建成 
(湖里五缘湾)安岭路993到995号,2栋,无开发商,,306户,五缘印象,,板楼,https://xm.lianjia.com/xiaoqu/3911100503338/,2010年建成 
"(湖里南山路)康泰里1到87号, 兴隆路396号, 兴隆路400号, 兴隆路438号, 兴隆路428号, 兴隆路430号",30栋,厦门建发集团有限公司,,292户,源昌豪庭,,塔楼/板楼/塔板结合/平房,https://xm.lianjia.com/xiaoqu/399661937626205/,1994年建成 
(湖里保税区)悦鸿路35号,15栋,厦门卓晟实业发展有限公司,,234户,悦华园,,板楼/塔板结合,https://xm.lianjia.com/xiaoqu/399704694099144/,1995年建成 
(湖里江头)嘉禾路396号,2栋,厦门市鑫新景地房地产有限公司,,333户,鑫新景地大厦,,塔楼/板楼,https://xm.lianjia.com/xiaoqu/3910360324370025/,1997年建成 
(湖里南山路)康乐里1到11号,4栋,厦门市源昌房地产开发有限公司,,338户,源昌豪庭二期,,板楼,https://xm.lianjia.com/xiaoqu/3911057407514/,1995年建成 
(湖里东渡)海山路,7栋,厦门市富山房地产公司,,144户,东渡文化广场,,塔板结合,https://xm.lianjia.com/xiaoqu/3911056360405/,1988年建成 
(湖里金尚)金尚路129-135号,4栋,北京住总首开置业有限公司,,67户,凌霄大厦,,塔楼,https://xm.lianjia.com/xiaoqu/3920038491653935/,1909年建成 
(湖里邮轮城)湖里区-东渡路65号,4栋,厦门华星开发商,,208户,宝鹭苑,,板楼,https://xm.lianjia.com/xiaoqu/3911056355558/,1985年建成 
(湖里保税区)玉泉花园,4栋,厦门市盛华物房地产开发有限公司,,115户,玉泉花园,,塔板结合,https://xm.lianjia.com/xiaoqu/3911057494451/,2000年建成 
(湖里保税区)厦门市湖里区鸿宾路21-83号,30栋, 重庆桥达茂宸房地产开发有限公司,,30户,南泉小筑,,塔板结合/平房,https://xm.lianjia.com/xiaoqu/3911248136630081/,1998年建成 
(湖里保税区)和悦里80号,4栋,厦门市盛华物房地产开发有限公司,,268户,韵园公寓,,塔板结合,https://xm.lianjia.com/xiaoqu/3911057502738/,2000年建成 
(湖里东渡)东渡路124号,1栋, 陕西亿润经贸有限公司 ,,53户,海俱宿舍区,,板楼,https://xm.lianjia.com/xiaoqu/3920021100593922/,1993年建成 
(湖里南山路)湖里区华嘉路21-51号,16栋,厦门经济特区房地产开发集团有限公司,,255户,青翔花园,,板楼/塔板结合,https://xm.lianjia.com/xiaoqu/3911630226714888/,1995年建成 
(湖里五缘湾)五缘西三里50到150号,20栋,厦门经济特区房地产开发集团有限公司,,41户,源昌鑫海湾别墅,,板楼/塔板结合,https://xm.lianjia.com/xiaoqu/3910271791787837/,2008年建成 
(湖里SM)禾山路505-513号,2栋, 重庆汇东房地产开发有限公司,,51户,江鹭花园,,塔板结合,https://xm.lianjia.com/xiaoqu/3913582573514671/,1996年建成 
"(湖里湖里大道)兴隆路90号, 兴隆路65-1号, 兴隆路65-2号, 兴隆路65-3号, 兴隆路65-4号, 兴隆路65-5号, 兴隆路65-6号",4栋,广东省戒毒基地,,75户,兴隆路,,塔板结合,https://xm.lianjia.com/xiaoqu/3913215293779281/,1995年建成 
(湖里江头)江华里56号,2栋,厦门繁华置业有限公司,,196户,华成花园,,板楼,https://xm.lianjia.com/xiaoqu/3911053545000/,1994年建成 
(湖里南山路)竹坑路2-6号,6栋,厦门世茂新领航置业有限公司,,52户,滨海苑,,塔楼/板楼,https://xm.lianjia.com/xiaoqu/3915530538052749/,1991年建成 
(湖里邮轮城)湖滨北路,2栋,厦门黄金大厦开发有限公司,,372户,黄金大厦,,塔楼/板楼,https://xm.lianjia.com/xiaoqu/3911056367453/,2000年建成 
"(湖里五缘湾)湖里五缘湾内湖东岸, 五缘东七里8号, 五缘东七里42号, 五缘东七里17号",30栋,恒禾置地（厦门）股份有限公司,,340户,恒禾七尚,,板楼,https://xm.lianjia.com/xiaoqu/3914601487420626/,2014年建成 
(湖里湖里大道)兴隆路25号,2栋,中山恒力信建材有限公司,,174户,信源大厦,,塔楼,https://xm.lianjia.com/xiaoqu/3920020476615354/,1991年建成 
(湖里邮轮城)东渡路51号,2栋,厦门金城湾房地产开发有限公司,,307户,裕成大厦,,板楼/塔板结合,https://xm.lianjia.com/xiaoqu/3911056376104/,1996年建成 
(湖里机场区)金尚嘉园1到143号,5栋,厦门皇家房地产开发有限公司,,230户,富贵门花园,,塔楼/板楼,https://xm.lianjia.com/xiaoqu/3911057431908/,2009年建成 
"(湖里五缘湾)湖里安岭路湖里高新技术园区内, 安岭二路55号, 安岭二路57号",4栋,无开发商,,549户,力拓国际,,塔板结合,https://xm.lianjia.com/xiaoqu/3914601247558642/,2003年建成 
(湖里湖里大道)兴隆路31号,2栋, 西安保亿名卓置业有限公司,,144户,信宏大厦,,塔楼,https://xm.lianjia.com/xiaoqu/3920020848899423/,1999年建成 
"(湖里大唐世家)嘉禾路556到557号, 嘉禾路556-568号, 嘉禾路562-102",1栋,东明建发置业有限公司,,143户,东南花园,,板楼,https://xm.lianjia.com/xiaoqu/3917563495467269/,1993年建成 
"(湖里大唐世家)火炬二路291号, 火炬三路11-13号",8栋, 重庆汇东房地产开发有限公司,,127户,盛唐苑,,板楼/塔板结合,https://xm.lianjia.com/xiaoqu/3911070003491727/,1900年建成 
(湖里殿前)湖里区殿前一路,3栋,暂无信息,,32户,神山三航小区,,未知类型,https://xm.lianjia.com/xiaoqu/3915935737989359/,1983年建成 
(湖里湖里大道)兴隆路259-263号,1栋,厦门联发（集团）房地产公司,,42户,兴隆路259-263,,板楼,https://xm.lianjia.com/xiaoqu/3911057419032/,1997年建成 
(湖里五缘湾)五缘东三里,6栋,厦门市住宅建设总公司,,736户,五缘公寓,,板楼,https://xm.lianjia.com/xiaoqu/3911057775128/,2008年建成 
(湖里南山路)竹坑路8号,1栋,繁华（厦门）置业有限公司,,134户,深汇大厦,,板楼,https://xm.lianjia.com/xiaoqu/3911057381509/,1998年建成 
(湖里东渡)海山路2-12号,2栋,华龙置业房地产开发有限公司北京华龙美晟销售分公司,,85户,明月园,,塔楼/板楼,https://xm.lianjia.com/xiaoqu/3911056370819/,1982年建成 
(湖里保税区)悦华公寓,14栋,厦门华星开发商,,326户,悦华公寓,,板楼/塔板结合,https://xm.lianjia.com/xiaoqu/3911057496353/,1994年建成 
(湖里东渡)东渡路139-153,2栋,厦门住宅总公司,,112户,桥东小区,,板楼,https://xm.lianjia.com/xiaoqu/3912196081578591/,1990年建成 
(湖里东渡)东渡路,4栋,无,,138户,东渡社区,,板楼,https://xm.lianjia.com/xiaoqu/3911056359735/,1998年建成 
"(湖里祥店)祥店里176#101, 祥店里165号, 祥店里165-101号",1栋, 大理耀鹏房地产开发有限责任公司,,4户,古民居街,,板楼,https://xm.lianjia.com/xiaoqu/3912042314198883/,1996年建成 
"(湖里五缘湾)日圆一里35号, 日圆一里44-1号, 日圆一里30号",6栋,暂无信息,,6户,建发央墅,,板楼,https://xm.lianjia.com/xiaoqu/3914958078209121/,暂无信息 
(湖里SM)乌石浦二里,1栋,暂无信息,,36户,乌石浦小区,,未知类型,https://xm.lianjia.com/xiaoqu/3911053741136/,2003年建成 
(湖里东渡)和宁路127号,2栋,厦门禹洲集团股份有限公司,,213户,禹洲棕榈城二期,,塔板结合,https://xm.lianjia.com/xiaoqu/3911057281059/,1997年建成 
(湖里殿前)长乐路270-292号,2栋,无开发商,,274户,长乐村B组,,塔板结合,https://xm.lianjia.com/xiaoqu/3911058032256/,1999年建成 
(湖里江头)台湾街24号,4栋, 合肥万科瑞翔地产有限公司,,101户,江头工商局宿舍,,板楼,https://xm.lianjia.com/xiaoqu/3911792320310393/,1998年建成 
(湖里枋湖)枋湖西一里35-37号,3栋,厦门福龙城房地产开发有限公司,,136户,龙湖花园一期,,塔楼,https://xm.lianjia.com/xiaoqu/3911057448736/,2008年建成 
(湖里SM)禾山路515到519号,3栋,长兴嘉信房地产开发有限公司,,126户,嘉信公寓,,板楼,https://xm.lianjia.com/xiaoqu/397035034283334/,1992年建成 
(湖里SM)园山南路806,2栋,无开发商,,480户,赛格电子广场,,板楼,https://xm.lianjia.com/xiaoqu/3911088488051237/,1986年建成 
(湖里祥店)祥店二路39号,1栋,包头市闽南置业有限责任公司,,2户,第二城闽南印象,,板楼,https://xm.lianjia.com/xiaoqu/3920023368313361/,2000年建成 
(湖里机场区)枋湖北二路83号,6栋,福建三建工程有限公司,,80户,福建三建宿舍,,板楼,https://xm.lianjia.com/xiaoqu/3912287378469111/,1985年建成 
